length,emoji_count,hashtag_count,exclamation_count,question_count,capitalized_word_count,sentence_count,avg_word_length,verb_count,noun_count,adjective_count,entity_count,has_numerical_list,word_count,buzzword_count,buzzword_ratio,humble_brag_count,personal_pronouns,motivation_score,excessive_punctuation,has_call_to_action,starts_with_number,contains_money_reference,sentiment_polarity,sentiment_subjectivity,is_extemely_positive,cringe_score
144,1,0,2,0,1,4,2.9655172413793105,3,8,2,5,0,43,0,0.0,0,1,0,0,1,0,1,0.390625,0.3333333333333333,0,16182
360,1,0,0,0,0,10,2.91025641025641,11,21,6,8,0,103,0,0.0,0,1,0,0,1,1,1,0.75,0.4,0,346
369,1,0,0,2,0,7,4.566666666666666,12,10,5,3,0,74,0,0.0,0,5,0,0,1,0,1,-0.43333333333333335,0.6666666666666666,0,765
837,0,0,0,0,0,10,4.93984962406015,21,25,15,7,0,150,0,0.0,0,10,0,0,1,0,1,0.17574907235621523,0.41579777365491644,0,38
1299,3,0,0,2,0,19,5.329896907216495,34,39,22,9,0,224,0,0.0,0,2,0,0,1,0,1,0.15625000000000003,0.4078125,0,1156
252,1,0,2,0,0,5,3.82,6,7,9,0,0,56,0,0.0,0,3,0,0,0,0,0,0.21666666666666667,0.7416666666666667,0,968
899,1,0,0,3,0,12,4.971223021582734,21,40,15,6,0,161,0,0.0,0,6,0,0,0,0,1,0.17214285714285715,0.5076190476190476,0,67
229,1,0,1,0,0,5,4.342105263157895,8,14,1,4,0,50,0,0.0,0,1,0,0,1,0,1,0.0,0.0,0,210
214,0,0,0,2,0,4,4.3428571428571425,4,8,2,2,0,45,0,0.0,0,2,0,0,1,0,1,0.2,0.3,0,19
940,1,0,0,4,0,34,4.157894736842105,26,34,8,20,0,216,0,0.0,0,3,0,0,1,0,1,0.25312500000000004,0.5770833333333334,0,35
378,2,0,1,0,0,9,3.8125,7,18,5,3,0,94,0,0.0,0,3,0,0,1,0,1,0.675,0.5,0,91
344,1,0,0,0,0,8,4.607142857142857,7,16,6,6,0,71,0,0.0,0,3,0,0,0,0,1,0.11249999999999999,0.4895833333333333,0,137
161,0,0,0,0,0,4,4.0,7,5,0,0,0,34,0,0.0,0,0,0,0,0,0,0,0.0,0.0,0,28
124,2,0,2,0,1,4,3.9545454545454546,3,7,2,3,0,30,0,0.0,0,0,0,0,0,0,1,0.3125,0.3333333333333333,0,532
785,3,0,0,2,0,12,3.66,20,35,2,14,0,190,0,0.0,0,7,0,0,1,0,1,0.0,0.4,0,8
854,1,0,0,0,0,12,5.775862068965517,12,45,14,16,0,144,0,0.0,0,3,0,0,0,0,1,0.04392307692307692,0.3024871794871795,0,7
610,1,0,0,2,0,8,5.129032258064516,12,30,11,4,0,110,0,0.0,0,1,0,0,1,0,1,0.191,0.4456666666666666,0,10
338,1,0,4,0,0,9,4.923076923076923,6,16,6,4,0,67,0,0.0,0,1,0,0,1,0,1,0.3524305555555556,0.3875,0,40
1111,0,0,0,0,0,6,4.626943005181347,33,52,14,3,0,206,3,0.014563106796116505,0,0,0,0,1,0,1,0.15448717948717952,0.6467948717948718,0,3
580,1,0,3,1,0,7,4.831578947368421,19,18,10,2,0,108,0,0.0,0,1,0,0,0,0,1,-0.14316666666666666,0.32566666666666666,0,9
517,0,0,1,0,0,3,4.426966292134831,17,16,5,11,0,102,0,0.0,0,3,0,0,1,1,1,0.21704545454545454,0.5,0,2
813,1,0,0,0,0,6,4.710743801652892,19,32,11,13,0,150,0,0.0,0,3,0,0,1,0,1,0.5314102564102564,0.6435897435897436,0,12
645,2,0,0,1,0,9,3.950413223140496,18,30,3,6,0,142,0,0.0,0,5,0,0,1,0,1,0.06571428571428571,0.5866666666666668,0,14
217,0,0,0,0,0,2,4.05,5,8,1,1,0,45,0,0.0,0,0,2,0,0,0,1,0.24015151515151514,0.5488636363636363,0,0
883,0,0,3,1,0,14,4.395973154362416,23,29,18,10,0,181,0,0.0,0,4,1,0,1,0,1,0.13717803030303027,0.5718939393939394,0,4
1469,2,0,1,1,0,29,3.6801470588235294,34,66,14,23,0,345,0,0.0,1,6,0,0,1,0,1,0.01268939393939393,0.46304450757575755,0,27
1366,0,0,1,0,0,13,4.954545454545454,28,61,24,7,0,246,1,0.0040650406504065045,0,1,0,0,1,0,1,0.1268707482993197,0.39937641723356015,0,0
900,0,0,0,3,0,17,4.248447204968944,24,27,13,4,0,185,0,0.0,0,6,0,0,1,0,1,0.1357609710550887,0.4545518207282913,0,1
413,1,0,0,0,0,10,3.898550724637681,6,15,6,7,0,103,0,0.0,0,2,0,0,0,1,1,0.05333333333333333,0.33333333333333337,0,822
1392,1,0,0,3,0,34,4.2719665271966525,44,60,23,21,0,300,0,0.0,0,1,0,0,1,0,1,0.1499028749028749,0.5577602952602954,0,43
549,1,0,1,1,0,13,2.95,16,21,3,11,0,154,0,0.0,0,4,0,0,1,0,1,-0.1080357142857143,0.5297619047619048,0,68
1238,1,0,0,0,0,15,5.0,27,44,24,2,0,220,0,0.0,0,2,0,0,1,0,0,-0.012789855072463763,0.39884057971014486,0,3
150,0,0,0,0,0,1,4.304347826086956,1,10,1,8,0,32,0,0.0,0,0,0,0,0,0,1,0.175,0.275,0,1082
1453,0,0,1,2,0,15,4.66530612244898,36,48,25,7,0,273,0,0.0,0,11,0,0,1,0,1,0.06225423881673881,0.3693610209235209,0,131
313,0,0,0,0,0,3,4.816326530612245,5,15,7,5,0,58,0,0.0,0,1,0,0,1,0,1,0.05277777777777778,0.4361111111111111,0,48
603,1,0,0,0,0,21,3.6371681415929205,10,29,8,16,0,151,0,0.0,0,7,0,0,0,0,1,0.11571428571428573,0.3188095238095238,0,5
1260,1,0,2,1,0,25,3.9956896551724137,30,46,10,13,0,279,0,0.0,0,17,1,0,1,0,1,0.08664335664335665,0.3215384615384615,0,178
82,0,0,0,0,0,3,5.083333333333333,2,3,1,0,0,14,0,0.0,0,0,0,0,0,0,0,0.35,0.6,0,24
697,3,0,1,1,0,10,4.0,16,30,4,12,0,159,0,0.0,0,8,0,0,1,0,1,0.15357142857142855,0.43809523809523815,0,43
698,1,0,1,0,1,16,4.140495867768595,15,39,13,5,0,158,0,0.0,0,1,0,0,1,0,1,0.15166666666666664,0.4276719576719577,0,41
1243,1,0,2,3,0,18,4.776699029126213,24,56,21,12,0,230,0,0.0,0,5,0,0,1,0,1,-0.006596774193548384,0.5164623655913978,0,1
414,1,0,0,0,0,5,4.983870967741935,11,18,9,5,0,77,0,0.0,0,0,0,0,1,1,1,0.4416666666666667,0.5250000000000001,0,0
288,4,0,0,0,0,3,3.3962264150943398,7,15,2,10,0,77,0,0.0,0,4,0,0,1,1,1,0.21666666666666667,0.4666666666666666,0,548
1291,1,0,0,0,1,19,4.5565610859728505,22,47,35,14,0,253,0,0.0,0,3,0,0,1,0,1,0.11355855855855856,0.451006006006006,0,20
2207,1,0,2,0,0,22,4.435897435897436,58,99,34,23,0,430,0,0.0,0,14,0,0,1,0,1,0.03184158184158183,0.4564067314067314,0,0
547,2,0,0,0,0,13,4.689655172413793,12,16,10,6,0,111,0,0.0,0,3,0,0,0,0,1,0.2308539944903581,0.5129476584022039,0,281
99,0,0,0,0,0,2,5.384615384615385,3,2,1,1,0,17,0,0.0,0,0,0,0,0,0,1,0.0,0.6666666666666666,0,9634
708,1,0,0,1,0,21,4.221238938053097,20,35,7,13,0,162,0,0.0,0,1,0,0,1,0,1,0.2791666666666667,0.4541666666666667,0,12
899,1,0,4,0,0,14,3.919254658385093,24,38,13,11,0,203,0,0.0,0,15,0,0,0,0,1,0.16966540404040403,0.5185786435786435,0,84
520,1,0,0,0,0,4,4.2,11,25,4,6,0,112,0,0.0,0,0,0,0,1,0,1,0.02033730158730158,0.33769841269841266,0,142
613,0,0,0,2,0,17,4.824742268041237,16,33,12,8,0,121,0,0.0,0,0,0,0,1,0,1,0.04051948051948052,0.6068831168831168,0,2
1268,1,0,0,4,0,19,4.666666666666667,32,50,18,4,0,240,0,0.0,0,1,0,0,1,0,0,0.35303030303030297,0.5750000000000001,0,3
921,1,0,0,0,0,15,4.653846153846154,19,22,14,4,0,176,0,0.0,0,1,0,0,1,0,1,0.15672619047619046,0.5655357142857143,0,17
662,1,0,0,0,0,3,4.6138613861386135,17,30,6,9,0,122,0,0.0,0,1,0,0,1,0,1,0.15,0.4592592592592592,0,782
1071,1,0,0,1,0,8,5.273291925465839,26,52,11,10,0,183,0,0.0,0,2,0,0,0,1,1,0.12738636363636363,0.4254545454545455,0,2
1139,1,0,0,0,0,15,4.46,37,37,9,1,0,220,0,0.0,0,5,1,0,1,0,0,0.004616477272727269,0.3838778409090909,0,15
74,0,0,0,0,0,1,4.214285714285714,5,3,0,1,0,15,0,0.0,0,0,0,0,0,0,0,0.0,0.0,0,117
281,4,0,1,0,0,5,4.03921568627451,6,16,2,3,0,61,0,0.0,0,0,0,0,1,0,1,0.5625,0.55,0,208
916,1,0,6,1,0,19,4.251612903225807,27,44,10,16,0,196,0,0.0,0,7,0,0,0,0,1,0.052426609848484844,0.4115530303030303,0,3
278,1,0,0,0,0,7,4.3,13,12,3,2,0,57,0,0.0,0,0,0,0,0,0,0,0.05,0.45,0,5174
1250,1,0,1,2,0,18,4.751243781094527,34,56,15,16,0,243,0,0.0,0,10,0,0,1,1,1,0.06601080246913581,0.5442901234567901,0,94
750,1,0,0,0,0,10,4.420634920634921,20,29,11,5,0,152,0,0.0,0,0,0,0,1,0,1,-0.18928571428571428,0.6794642857142857,0,95
270,2,0,0,0,0,10,4.523809523809524,2,15,5,6,0,60,0,0.0,0,0,0,0,1,0,1,0.15,0.37222222222222223,0,25
545,0,0,0,0,0,2,3.3252032520325203,18,29,8,4,0,127,0,0.0,0,1,0,0,0,0,1,0.07679063360881543,0.5350091827364555,0,1
432,3,0,0,0,0,11,4.428571428571429,10,28,2,7,0,99,0,0.0,0,5,0,0,1,0,1,0.36818181818181817,0.7272727272727273,0,7
1061,2,0,0,0,0,9,4.634831460674158,33,41,14,10,0,201,0,0.0,0,1,0,0,1,0,1,0.26313775510204085,0.6428571428571429,0,24
778,1,0,0,0,0,9,4.7936507936507935,19,33,14,7,0,146,0,0.0,0,3,0,0,1,0,1,0.24974489795918367,0.527125850340136,0,17
1524,3,0,3,5,0,22,5.080851063829787,31,70,25,20,0,279,0,0.0,0,6,0,0,1,1,1,0.11062121212121215,0.4258008658008658,0,23
100,1,0,0,0,0,4,4.666666666666667,1,4,2,2,0,22,0,0.0,0,1,0,0,1,0,0,0.3,0.4083333333333334,0,67
509,0,0,0,2,0,6,4.413793103448276,8,15,7,13,0,102,0,0.0,0,2,0,0,1,1,1,0.06458333333333335,0.47874999999999995,0,138
1099,1,0,0,3,0,20,4.457894736842105,30,44,13,3,0,219,0,0.0,0,5,0,0,1,0,0,0.14232026143790852,0.45179738562091504,0,8
2241,0,0,1,0,0,26,4.692934782608695,39,84,37,30,0,422,0,0.0,0,5,0,0,1,0,1,0.06932225913621261,0.4828981173864895,0,0
1410,2,0,0,0,0,16,4.412244897959184,46,47,15,7,0,281,0,0.0,0,4,0,0,1,0,1,0.06958874458874459,0.44347041847041846,0,6
516,1,0,1,0,0,2,4.322222222222222,15,25,7,5,0,103,0,0.0,0,2,0,0,1,0,1,0.35714285714285715,0.5000000000000001,0,27
420,1,0,0,0,0,6,5.540983606557377,9,22,8,3,0,69,0,0.0,0,0,0,0,0,0,1,0.11000000000000001,0.43,0,17
346,1,0,0,0,0,7,4.365384615384615,7,23,3,9,0,77,0,0.0,0,3,0,0,1,0,1,0.36818181818181817,0.7272727272727273,0,26
1288,1,0,0,1,0,11,4.544642857142857,25,51,22,11,0,245,0,0.0,0,7,1,0,1,0,1,-0.0004062736205593334,0.5568877551020408,0,103
1183,2,0,0,0,0,29,4.637305699481865,42,55,13,12,0,240,0,0.0,1,9,0,0,1,1,1,0.04500000000000002,0.4655555555555555,0,0
710,0,0,0,4,0,10,5.339622641509434,17,29,6,1,0,122,0,0.0,0,5,0,0,0,1,1,0.1010416666666667,0.4913194444444445,0,605
324,1,0,0,1,0,5,5.4,4,13,5,6,0,53,0,0.0,0,0,0,0,1,0,1,0.325,0.5,0,243
670,2,0,0,0,0,6,4.5225225225225225,13,34,9,10,0,136,0,0.0,0,4,0,0,1,1,1,0.32810064935064936,0.6075974025974026,0,14
1060,1,0,0,5,0,11,5.389937106918239,19,50,12,6,0,181,2,0.011049723756906077,0,5,0,0,0,0,0,0.1875,0.3970238095238095,0,14
122,2,0,1,0,0,4,3.782608695652174,2,7,2,3,0,29,0,0.0,0,0,0,0,0,0,1,-0.1375,0.2875,0,256
363,1,0,0,2,0,8,4.121212121212121,13,15,6,1,0,77,0,0.0,0,3,0,0,0,0,0,0.3301948051948052,0.614935064935065,0,1924
223,1,0,0,0,0,4,4.705882352941177,6,9,4,5,0,44,0,0.0,0,1,0,0,1,0,1,0.2375,0.2875,0,103
57,0,0,0,0,0,2,5.0,2,3,0,2,0,11,0,0.0,0,0,0,0,0,0,1,0.0,0.0,0,115
851,1,0,0,0,0,18,4.380952380952381,32,36,18,9,0,175,0,0.0,0,4,0,0,1,0,1,0.012195767195767213,0.5760063085063085,0,0
1380,1,0,0,5,0,24,4.647826086956521,41,49,9,7,0,266,0,0.0,0,6,0,0,1,0,1,0.2329163483575248,0.4190348866819455,0,118
1933,1,0,2,0,0,13,4.703363914373089,50,73,34,15,0,360,0,0.0,1,5,1,0,1,0,1,0.10698763955342902,0.3772342788790157,0,2
987,1,0,1,1,0,9,5.469387755102041,28,45,12,8,0,164,0,0.0,0,1,0,0,1,1,1,0.22789351851851855,0.5962962962962963,0,5
720,1,0,0,1,0,19,4.324324324324325,21,33,7,13,0,164,0,0.0,0,0,0,0,1,0,1,0.30476190476190473,0.5047619047619049,0,266
387,2,0,1,0,0,8,3.25974025974026,10,25,5,6,0,104,0,0.0,0,4,0,0,1,0,1,0.34867424242424244,0.4678030303030303,0,45
673,1,0,0,1,0,19,4.320754716981132,19,33,7,12,0,153,0,0.0,0,0,0,0,1,0,1,0.30476190476190473,0.5047619047619049,0,234
561,1,0,0,0,0,1,5.080459770114943,18,31,9,4,0,100,0,0.0,0,0,1,0,1,0,1,0.036837121212121196,0.5182765151515151,0,1171
534,2,0,1,3,0,11,3.390909090909091,11,21,8,9,0,132,0,0.0,0,4,0,0,1,0,1,0.22314814814814815,0.4592592592592592,0,18
585,1,0,11,7,0,13,4.625,13,33,3,8,0,119,0,0.0,0,2,0,0,1,0,1,-0.20972222222222223,0.45416666666666666,0,36
214,1,0,1,0,0,2,5.03125,7,6,4,2,0,41,0,0.0,0,0,0,0,1,0,1,0.25625,0.425,0,42
465,4,0,0,0,0,8,4.368421052631579,17,21,5,6,0,100,0,0.0,0,4,0,0,1,0,1,0.25,0.5166666666666667,0,17
443,1,0,0,1,0,6,4.205128205128205,22,14,4,6,0,93,0,0.0,0,5,0,0,1,0,1,0.09999999999999999,0.3875,0,32
825,1,0,0,0,0,18,4.321678321678322,33,31,17,9,0,172,0,0.0,0,6,0,0,0,1,1,0.012195767195767213,0.5760063085063085,0,3
3291,2,0,0,3,0,43,4.742857142857143,98,145,39,36,0,624,0,0.0,1,10,2,0,1,0,1,0.15814528261336772,0.5153879217709005,0,5
101,0,0,0,2,0,4,5.0,3,7,2,3,0,24,0,0.0,0,0,0,0,0,0,1,0.018181818181818174,0.42727272727272725,0,32
64,0,0,0,0,0,1,5.5,3,1,1,1,0,10,0,0.0,0,0,0,0,1,0,0,0.0,0.0,0,4970
1430,0,0,0,1,0,15,3.8398576512455516,43,54,19,10,0,311,0,0.0,0,15,0,0,0,1,1,0.20793650793650792,0.6753968253968253,0,4
186,0,0,1,0,0,5,6.136363636363637,6,5,4,3,0,35,0,0.0,0,0,0,0,0,0,1,0.36893939393939396,0.6363636363636364,0,12
1180,2,0,3,6,0,38,4.29,37,49,13,13,0,260,0,0.0,0,8,0,0,1,0,1,0.07512254901960783,0.4054621848739495,0,41
1481,1,0,1,0,0,16,5.605769230769231,24,78,15,12,0,246,0,0.0,0,5,1,0,1,0,1,0.027777777777777776,0.46499999999999997,0,1
614,1,0,0,1,0,8,4.8686868686868685,16,29,11,5,0,114,0,0.0,0,3,0,0,1,0,1,0.08181818181818182,0.14924242424242423,0,416
241,1,0,1,1,0,6,4.25,5,8,2,3,0,50,0,0.0,0,0,0,0,0,0,1,0.6339285714285714,0.8839285714285714,0,2285
720,2,0,0,9,1,15,3.6950354609929077,20,33,5,4,0,165,0,0.0,0,2,0,0,1,0,1,0.12083333333333335,0.518452380952381,0,62
745,3,0,2,2,0,8,5.102564102564102,27,24,9,8,0,131,0,0.0,0,3,1,0,1,0,0,0.29583333333333334,0.5233333333333334,0,4
316,1,0,0,0,0,7,4.320754716981132,8,14,2,5,0,69,0,0.0,0,4,0,0,1,0,1,0.5121212121212121,0.6181818181818182,0,2
986,1,0,2,1,0,13,4.1807909604519775,29,30,22,10,0,207,0,0.0,0,5,0,0,1,0,1,0.23125000000000004,0.39715608465608465,0,18
145,0,0,0,0,1,5,4.363636363636363,2,10,2,8,0,36,0,0.0,0,0,0,0,0,0,1,-0.3,0.3,0,538
696,1,0,0,0,0,11,5.028301886792453,12,36,8,10,0,133,0,0.0,0,1,0,0,0,0,1,0.033,0.196,0,9
398,3,0,1,1,0,6,4.34375,3,17,8,9,0,89,0,0.0,0,1,0,0,1,0,1,0.060606060606060594,0.2509090909090909,0,26
623,1,0,0,0,0,10,4.320754716981132,24,23,8,4,0,128,0,0.0,0,0,0,0,1,0,1,0.33571428571428574,0.46785714285714286,0,1
684,1,0,0,1,0,16,4.482758620689655,17,32,9,7,0,140,0,0.0,0,4,0,0,1,0,1,0.010884353741496608,0.40017006802721083,0,0
351,1,0,0,0,0,6,4.278688524590164,5,15,14,2,0,75,0,0.0,0,2,0,0,0,0,1,-0.01575757575757576,0.5187878787878788,0,362
1176,0,0,1,3,0,20,4.973262032085562,23,61,17,2,0,214,0,0.0,0,0,2,0,1,0,1,0.06578947368421052,0.4131578947368421,0,3
891,1,0,0,2,0,10,4.30188679245283,20,41,12,1,0,181,0,0.0,0,7,0,0,0,0,1,0.08771929824561403,0.3408521303258146,0,62
541,0,0,0,0,1,2,5.3896103896103895,7,26,13,11,0,93,0,0.0,0,0,0,0,0,0,1,0.23333333333333336,0.3737179487179487,0,2
2236,1,0,1,0,0,25,4.692934782608695,40,87,35,31,0,419,0,0.0,0,5,0,0,1,1,1,0.06932225913621261,0.4828981173864895,0,0
981,2,0,2,2,0,11,5.190476190476191,22,37,17,5,0,173,0,0.0,0,0,0,0,1,0,1,0.12089898989898992,0.46748096348096363,0,3
853,2,0,1,2,0,9,4.9185185185185185,24,44,7,5,0,157,0,0.0,0,9,0,0,1,1,1,0.054374999999999986,0.46333333333333326,0,130
956,2,0,1,0,0,8,5.256944444444445,26,48,10,7,0,165,0,0.0,0,5,2,0,1,0,1,0.16737637362637361,0.4509615384615384,0,32
879,0,0,1,0,0,14,3.9921259842519685,22,30,7,9,0,178,0,0.0,0,6,0,0,1,0,1,0.06354166666666666,0.390625,0,16
2046,1,0,3,0,0,22,4.417127071823204,52,94,31,24,0,399,0,0.0,0,14,0,0,1,1,1,-0.002802910937102123,0.44112235803412275,0,10
965,1,0,0,2,0,15,3.712707182320442,27,40,12,15,0,226,0,0.0,0,5,0,0,1,0,1,-0.05876068376068376,0.2709401709401709,0,2
350,1,0,0,1,0,6,3.8181818181818183,8,16,5,2,0,80,0,0.0,0,1,0,0,1,0,1,0.18333333333333335,0.6541666666666667,0,830
593,1,0,0,0,0,8,4.636363636363637,13,31,9,6,0,115,0,0.0,0,1,0,0,0,0,1,0.008499999999999997,0.604,0,23859
453,3,0,0,0,0,15,3.3297872340425534,13,22,4,7,0,117,0,0.0,0,1,0,0,0,0,1,0.76,0.4,0,30
1433,0,0,9,0,0,23,4.239543726235741,54,62,10,10,0,291,0,0.0,2,20,0,0,1,0,1,-0.049362990810359206,0.33905597326649956,0,0
1026,0,0,0,1,0,12,4.274193548387097,27,38,9,5,0,207,0,0.0,0,6,0,0,0,0,0,-0.029365079365079365,0.4935254803675857,0,0
2194,1,0,1,0,0,23,4.5710382513661205,40,81,34,31,0,418,0,0.0,0,5,0,0,1,0,1,0.07772606463304138,0.4527712674921978,0,0
991,2,0,1,0,0,12,4.91875,23,42,19,11,0,181,0,0.0,0,1,0,0,1,1,1,-0.06285130718954249,0.437483660130719,0,0
664,2,0,1,0,1,14,4.532110091743119,12,35,15,9,0,137,1,0.0072992700729927005,0,5,1,0,1,0,1,0.1463512677798392,0.5468614718614718,0,11
903,0,0,1,2,0,16,3.964497041420118,27,25,11,8,0,199,0,0.0,0,9,0,0,1,0,1,0.21201298701298701,0.5069430569430569,0,150
2177,1,0,6,0,0,23,4.427821522309712,57,92,34,18,0,426,0,0.0,0,15,0,0,1,0,1,0.05084496021996021,0.4564067314067314,0,0
463,1,0,0,0,0,14,3.5280898876404496,12,22,6,6,0,119,0,0.0,0,7,0,0,1,0,1,0.34761904761904766,0.5952380952380951,0,42
734,1,0,0,0,0,8,5.144230769230769,21,31,8,19,0,131,0,0.0,0,0,0,0,1,0,1,0.2726190476190476,0.5488095238095239,0,306
1949,0,0,3,0,0,20,4.461988304093567,49,87,31,17,0,377,0,0.0,0,13,0,0,1,1,1,-0.0013726961170143004,0.4287321264593991,0,0
2399,1,0,0,1,0,35,4.677835051546392,61,130,53,19,0,460,0,0.0,0,7,0,0,1,0,1,0.2507936507936508,0.4447802197802198,0,509
333,0,0,0,0,0,1,5.5,8,22,7,0,0,54,0,0.0,0,0,0,0,1,0,1,0.08818800247371676,0.5424860853432282,0,4
589,0,0,2,6,0,12,4.56701030927835,9,25,7,4,0,118,0,0.0,0,0,0,0,0,1,1,0.1708333333333333,0.45,0,18
784,1,0,0,0,1,12,4.251798561151079,26,23,8,7,0,161,0,0.0,0,1,0,0,1,0,1,0.07222222222222224,0.5481481481481482,0,13
458,3,0,0,0,0,8,3.9404761904761907,12,18,4,4,0,104,0,0.0,0,0,0,0,0,0,1,0.15357142857142858,0.625,0,9
1288,0,0,0,3,0,12,4.282700421940929,38,54,26,5,0,254,0,0.0,0,1,0,0,1,0,1,0.21385101010101015,0.45015151515151514,0,0
781,1,0,1,0,0,10,4.4,21,23,13,10,0,157,0,0.0,0,1,0,0,1,0,1,0.12303571428571429,0.5838263125763126,0,63
370,1,0,0,0,0,5,5.0344827586206895,10,13,4,8,0,67,0,0.0,0,2,0,0,0,0,1,0.225,0.6,0,7
391,2,0,0,2,0,7,4.369230769230769,8,16,7,3,0,84,0,0.0,0,0,0,0,0,1,1,0.3833333333333333,0.44999999999999996,0,51
669,1,0,0,1,0,11,4.485981308411215,14,31,9,10,0,135,0,0.0,0,0,0,0,1,1,1,0.22727272727272727,0.43863636363636366,0,229
532,0,0,0,0,0,8,5.2,10,28,8,9,0,92,0,0.0,0,1,0,0,0,0,1,-0.05185185185185185,0.2796296296296297,0,9149
557,1,0,0,0,0,6,4.795698924731183,22,13,10,3,0,102,0,0.0,0,2,0,0,1,0,1,0.1468650793650794,0.6115873015873016,0,300
679,1,0,1,1,0,7,4.418803418803419,14,31,13,8,0,139,0,0.0,0,4,0,0,1,0,1,0.12244897959183673,0.24931972789115647,0,455
1038,1,0,0,1,0,27,4.919254658385094,34,39,13,3,0,198,0,0.0,0,8,0,0,1,0,1,-0.13210227272727273,0.41278409090909096,0,368
122,0,0,0,0,0,1,4.777777777777778,2,3,5,3,0,23,0,0.0,0,0,0,0,0,0,1,0.19999999999999998,0.3,0,656
103,0,0,0,0,0,2,3.6363636363636362,6,5,2,1,0,23,0,0.0,0,0,0,0,0,0,0,0.20833333333333334,0.3,0,6
716,1,0,4,0,0,13,4.300813008130081,17,30,13,10,0,149,1,0.006711409395973154,2,4,0,0,0,0,1,0.20346531723484848,0.5393939393939394,0,2
714,1,0,0,0,0,7,4.357142857142857,27,26,8,5,0,146,0,0.0,0,7,0,0,1,0,1,0.1410493827160494,0.45154320987654323,0,15
1018,1,0,2,0,0,7,5.3618421052631575,23,41,6,3,0,171,0,0.0,0,3,0,0,1,0,1,0.16152389277389279,0.4513403263403264,0,1
163,1,0,0,0,0,3,4.72,5,7,2,5,0,32,0,0.0,0,0,0,0,0,0,1,0.55,0.7,0,237
305,1,0,1,0,0,3,5.217391304347826,7,16,5,4,0,55,0,0.0,0,0,0,0,0,0,1,0.13214285714285715,0.5857142857142857,0,23
609,1,0,0,0,1,13,4.465346534653466,16,33,10,0,0,124,0,0.0,0,0,0,0,1,0,0,0.16249999999999995,0.44929138321995465,0,0
649,1,0,0,0,0,11,5.2,13,34,11,2,0,114,0,0.0,0,1,1,0,1,0,1,0.3416666666666666,0.511574074074074,0,2
2022,1,0,1,0,0,21,4.427374301675978,52,89,32,21,0,394,0,0.0,0,14,0,0,1,0,1,-0.024196042053184916,0.4456617192331478,0,0
620,2,0,1,0,0,13,4.673469387755102,15,26,8,11,0,122,0,0.0,0,2,0,0,1,0,1,0.19,0.625,0,5473
202,2,0,0,0,0,3,4.903225806451613,4,9,8,1,0,41,0,0.0,0,0,0,0,0,0,1,-0.14821428571428572,0.4714285714285714,0,8
933,1,0,0,0,0,15,4.462025316455696,29,28,13,1,0,186,0,0.0,0,0,0,0,1,0,0,-0.08935574229691878,0.6196078431372549,0,220
606,0,0,0,0,0,19,4.681818181818182,8,24,10,18,0,125,0,0.0,0,0,0,0,0,0,1,0.3538461538461538,0.6384615384615384,0,3
349,1,0,0,0,0,5,4.278688524590164,12,14,5,4,0,71,0,0.0,0,3,0,0,1,0,1,0.1775,0.375,0,6
318,2,0,1,0,0,6,4.377358490566038,7,10,3,6,0,66,0,0.0,0,3,0,0,0,1,1,0.11984126984126985,0.5003968253968254,0,2
1103,2,0,0,3,0,16,4.555555555555555,30,34,18,4,0,216,0,0.0,0,4,0,0,1,0,1,0.2857142857142857,0.5339285714285714,0,6
1389,1,0,0,1,1,13,4.248995983935743,38,59,8,18,0,281,0,0.0,0,10,1,0,1,0,1,0.11363636363636363,0.43030303030303024,0,22
874,1,0,0,1,0,10,4.0375,26,45,9,10,0,185,0,0.0,0,3,0,0,1,0,1,0.008333333333333333,0.4708333333333334,0,18
516,1,0,0,1,0,4,4.847058823529411,7,27,13,6,0,95,0,0.0,0,0,0,0,0,0,1,-0.09545454545454546,0.5045454545454546,0,29
418,0,0,0,0,0,4,5.807017543859649,8,15,9,10,0,68,0,0.0,0,2,0,0,0,0,1,0.29230769230769227,0.4346153846153846,0,9
1176,0,0,0,1,1,10,4.289719626168225,35,46,8,10,0,232,0,0.0,0,9,1,0,1,0,1,0.11363636363636363,0.43030303030303024,0,15
574,0,0,2,1,0,14,4.604395604395604,19,28,9,6,0,118,0,0.0,0,0,0,0,0,0,1,0.35370370370370374,0.5703703703703703,0,61
1982,1,0,6,1,2,33,4.227528089887641,51,94,29,18,0,415,0,0.0,0,10,0,0,1,0,1,0.2171625344352617,0.5650673400673402,0,8
674,2,0,1,1,0,16,4.601851851851852,22,26,4,5,0,138,0,0.0,0,3,0,0,1,0,1,0.7999999999999999,0.6833333333333332,0,7
332,1,0,0,0,0,8,4.365384615384615,6,17,2,6,0,73,0,0.0,0,3,0,0,1,0,1,0.36818181818181817,0.7272727272727273,0,5
1246,1,0,0,1,0,24,3.944700460829493,25,53,11,22,0,278,0,0.0,0,5,0,0,1,1,1,0.13944444444444445,0.44361111111111107,0,5
319,3,0,0,0,0,5,4.428571428571429,11,6,5,6,0,65,0,0.0,0,1,0,0,1,0,1,0.16666666666666663,0.6666666666666666,0,9
677,1,0,1,0,1,17,4.25,17,38,11,3,0,148,0,0.0,0,0,0,0,1,0,1,0.1495833333333333,0.41933862433862434,0,0
697,2,0,1,0,0,8,4.1,14,31,8,6,0,147,0,0.0,0,3,0,0,0,0,1,-0.06984126984126984,0.4931216931216931,0,1043
622,1,0,0,0,0,12,4.060344827586207,15,28,8,0,0,133,0,0.0,1,2,0,0,1,0,0,-0.034999999999999996,0.7250000000000001,0,1
1459,1,0,4,1,0,25,4.442687747035573,52,48,13,14,0,293,0,0.0,0,10,0,0,1,0,1,0.009934413580246909,0.3882716049382716,0,7
1107,1,0,0,1,0,14,4.380710659898477,36,34,13,2,0,219,0,0.0,0,1,0,0,1,0,1,0.02738413547237076,0.38464052287581696,0,7
1358,1,0,0,5,2,20,4.242914979757085,35,41,21,4,0,278,0,0.0,0,11,0,0,1,0,1,0.2180776014109347,0.5582010582010581,0,18
728,0,0,0,0,0,6,4.595238095238095,14,39,11,5,0,136,0,0.0,0,6,0,0,1,0,1,0.225,0.30500000000000005,0,6
335,1,0,1,2,0,11,3.6721311475409837,8,19,2,2,0,76,0,0.0,0,1,0,0,1,0,1,0.08703703703703704,0.5185185185185185,0,23
1806,1,0,1,9,0,24,4.6843853820598005,59,68,21,6,0,339,0,0.0,1,12,0,0,1,0,1,0.1307429130009775,0.44530791788856317,0,76
1386,1,0,4,1,0,25,2.8588957055214723,36,71,15,26,0,384,1,0.0026041666666666665,0,6,0,0,1,1,1,-0.03233901515151515,0.5035353535353534,0,4
118,0,0,0,0,0,1,4.722222222222222,3,4,3,3,0,22,0,0.0,0,0,0,0,0,0,1,0.5,0.3222222222222222,0,14
1108,1,0,0,1,0,26,4.868571428571428,35,43,14,4,0,210,0,0.0,0,8,0,0,1,0,1,-0.16550802139037432,0.44144385026737976,0,9
495,1,0,0,1,0,11,4.074074074074074,13,23,5,12,0,113,0,0.0,0,5,0,0,1,1,1,-0.11590909090909088,0.7803030303030303,0,2
242,0,0,0,0,0,6,4.15,11,10,1,2,0,49,0,0.0,0,0,0,0,1,0,1,0.5,0.5,0,5
1230,1,0,0,2,0,21,4.298165137614679,35,51,12,6,0,251,0,0.0,0,14,1,0,1,0,1,0.056060606060606054,0.4656986531986531,0,72
543,2,0,1,0,0,8,4.443181818181818,14,24,9,4,0,109,0,0.0,0,1,0,0,1,1,1,0.22916666666666666,0.42333333333333334,0,4
719,1,0,0,1,0,13,4.206611570247934,27,18,8,9,0,157,0,0.0,1,7,0,0,1,0,1,0.04814814814814815,0.43333333333333335,0,1
1071,2,0,1,3,0,21,4.370967741935484,41,41,10,5,0,217,0,0.0,0,5,0,0,1,0,1,0.07421874999999999,0.3677083333333333,0,1
762,1,0,0,1,0,11,4.983471074380165,16,32,9,5,0,139,0,0.0,0,2,0,0,1,0,1,0.2696969696969697,0.40606060606060607,0,235
1105,1,0,3,4,1,32,3.6728971962616823,28,53,7,17,0,265,0,0.0,0,10,0,0,0,0,1,0.04224878656696838,0.5149875377148104,0,28
432,1,0,1,1,0,5,5.080645161290323,10,23,7,4,0,84,0,0.0,0,1,0,0,1,0,1,0.034722222222222224,0.34861111111111115,0,3
249,0,0,2,0,1,5,3.9285714285714284,8,16,1,7,0,62,0,0.0,0,1,0,0,0,0,1,0.3666666666666667,0.5666666666666667,0,84
315,1,0,3,1,0,13,3.641509433962264,4,10,1,10,0,85,0,0.0,0,1,0,0,1,0,1,0.0,0.0,0,9
924,3,0,0,0,0,14,4.603896103896104,32,27,16,6,0,180,0,0.0,0,5,0,0,1,0,1,0.2776315789473684,0.4960526315789473,0,0
921,2,0,1,1,1,13,4.642384105960265,31,34,14,9,0,180,0,0.0,0,4,0,0,1,0,1,0.24072916666666672,0.5066666666666666,0,50
611,1,0,0,0,0,2,4.462962962962963,12,36,3,10,0,117,0,0.0,0,3,0,0,1,1,1,0.23666666666666666,0.3833333333333334,0,6
503,0,0,1,1,0,11,3.6458333333333335,12,21,5,10,0,121,0,0.0,0,3,0,0,1,1,1,0.17199074074074075,0.44481481481481483,0,7
1170,2,0,3,1,0,18,4.72020725388601,27,54,13,11,0,224,0,0.0,0,5,0,0,1,0,1,-0.01285342261904761,0.4348214285714285,0,151
572,1,0,0,0,0,2,4.233644859813084,15,30,6,2,0,112,0,0.0,0,4,0,0,1,0,1,0.3222222222222222,0.4777777777777778,0,576
839,0,0,0,0,0,11,4.121794871794871,26,28,8,4,0,176,0,0.0,0,2,0,0,1,0,1,-0.06538461538461539,0.6615384615384615,0,21
497,2,0,1,0,0,9,3.9146341463414633,13,24,2,12,0,117,0,0.0,0,4,0,0,1,1,1,0.36818181818181817,0.7272727272727273,0,12
338,2,0,3,0,0,11,3.6206896551724137,4,15,2,13,0,90,0,0.0,0,5,0,0,1,1,1,0.875,0.875,0,326
97,2,0,0,0,0,1,7.2727272727272725,3,6,0,1,0,14,0,0.0,0,0,0,0,0,0,1,0.0,0.0,0,19
513,0,0,0,0,0,8,4.8625,6,26,7,12,0,98,0,0.0,0,2,0,0,1,0,1,-0.15,0.24583333333333335,0,10
259,1,0,0,1,0,5,5.078947368421052,6,10,6,2,0,48,0,0.0,0,1,0,0,1,0,1,0.15,0.3,0,157
490,0,0,0,2,0,4,3.956989247311828,14,18,7,5,0,102,0,0.0,0,2,0,0,1,0,1,0.14220779220779223,0.5202380952380953,0,7
1596,0,0,0,2,0,16,4.671586715867159,30,74,25,5,0,299,0,0.0,0,21,0,0,0,0,1,0.07489759344598053,0.45375064004096266,0,4
558,1,0,0,1,0,6,4.920454545454546,13,28,7,3,0,101,0,0.0,0,1,0,0,1,0,1,0.025000000000000005,0.425,0,5
552,1,0,0,0,0,10,3.55,12,22,6,14,0,140,0,0.0,0,5,0,0,0,0,1,0.17483766233766235,0.49988095238095237,0,690
2069,1,0,1,0,0,28,4.478753541076487,52,117,40,23,0,410,0,0.0,0,0,0,0,1,0,1,0.21677020202020197,0.45997222222222234,0,2
904,3,0,1,2,0,23,3.808139534883721,31,29,15,5,0,209,0,0.0,0,2,0,0,1,0,1,0.04750000000000002,0.6766666666666666,0,6
479,1,0,2,1,0,8,4.766233766233766,11,18,4,2,0,93,0,0.0,0,3,0,0,1,0,1,-0.0890625,0.8125,0,6
845,1,0,1,1,0,9,3.2662721893491122,19,52,10,11,0,212,0,0.0,0,6,0,0,1,1,1,0.27037037037037037,0.39722222222222225,0,3
439,2,0,1,0,0,13,4.094594594594595,11,12,3,2,0,102,0,0.0,0,2,0,0,1,0,1,1.0,0.75,1,4
307,1,0,0,0,0,7,4.132075471698113,6,14,2,4,0,69,0,0.0,0,4,0,0,1,0,1,0.5121212121212121,0.6181818181818182,0,12
1144,1,0,2,0,0,10,5.189655172413793,28,60,18,9,0,196,0,0.0,0,6,0,0,0,0,1,0.07296650717703347,0.4028708133971291,0,8
421,1,0,1,2,0,11,4.621212121212121,8,21,6,8,0,90,0,0.0,0,2,0,0,1,0,1,-0.12215909090909091,0.6136363636363636,0,164
951,0,0,2,1,0,17,4.22543352601156,34,27,9,2,0,196,0,0.0,0,1,0,0,1,0,1,-0.026116071428571443,0.40625000000000006,0,21
1039,0,0,0,2,1,20,5.08641975308642,28,38,12,10,0,188,0,0.0,0,0,0,0,1,0,1,0.1313131313131313,0.3205555555555556,0,10
334,1,0,0,0,0,6,4.063492063492063,7,9,6,2,0,71,0,0.0,0,0,0,0,0,0,1,0.02662337662337663,0.8220779220779221,0,4
775,2,0,0,1,0,7,4.05,24,35,8,10,0,161,0,0.0,0,1,0,0,1,0,1,0.13999999999999999,0.37499999999999994,0,3
340,0,0,0,2,0,8,4.518518518518518,12,12,3,6,0,75,0,0.0,0,2,0,0,0,0,1,0.04545454545454545,0.48484848484848486,0,0
454,2,0,0,0,0,8,4.333333333333333,10,29,6,10,0,99,0,0.0,0,2,1,0,1,0,1,0.09722222222222221,0.40277777777777785,0,558
181,0,0,1,0,0,3,4.444444444444445,1,7,5,4,0,35,0,0.0,0,0,1,0,0,1,1,0.29,0.47000000000000003,0,1
742,1,0,0,1,0,9,4.608,23,23,9,6,0,141,0,0.0,0,5,1,0,1,0,1,0.14666666666666667,0.5133333333333333,0,99
1098,2,0,0,7,0,22,4.6502732240437155,28,40,12,3,0,214,0,0.0,0,4,0,0,1,0,1,0.1690909090909091,0.6264141414141414,0,0
662,1,0,4,8,0,11,4.157894736842105,13,28,9,10,0,141,0,0.0,0,7,0,0,1,0,1,0.45862165178571435,0.6833333333333333,0,45
916,1,0,0,0,0,14,4.677631578947368,33,25,18,8,0,174,0,0.0,0,4,0,0,1,0,1,0.26375,0.5037499999999999,0,0
105,0,0,0,0,0,2,6.0,2,5,3,0,0,15,0,0.0,0,0,0,0,0,0,0,-0.03333333333333333,0.16666666666666666,0,5
206,2,0,0,0,0,7,3.2162162162162162,9,11,1,8,0,60,0,0.0,0,1,0,0,1,0,1,-0.3,0.95,0,5879
598,1,0,1,0,0,8,4.626262626262626,16,20,8,7,0,116,0,0.0,0,0,0,0,1,1,1,0.04090909090909092,0.546969696969697,0,850
257,2,0,0,0,0,3,4.684210526315789,2,10,2,9,0,55,0,0.0,0,0,0,0,0,1,1,0.4166666666666667,0.6166666666666667,0,734
1077,1,0,0,0,0,10,5.08235294117647,30,42,19,9,0,190,0,0.0,0,4,1,0,1,0,1,0.0034176349965823515,0.43758259284575074,0,21
341,1,0,1,1,0,6,4.389830508474576,9,15,2,5,0,71,0,0.0,0,1,0,0,0,0,1,0.2380952380952381,0.8571428571428571,0,283
1022,0,0,0,0,0,14,5.161290322580645,16,40,15,16,0,178,0,0.0,0,1,0,0,0,1,1,0.39208603896103894,0.6352272727272728,0,6
337,1,0,0,0,0,8,4.254545454545455,9,19,3,7,0,78,0,0.0,0,4,0,0,1,0,1,0.36818181818181817,0.7272727272727273,0,6
720,1,0,0,0,0,2,4.125,29,37,11,3,0,144,0,0.0,0,5,1,0,0,0,1,0.07291666666666667,0.5395833333333334,0,11
267,2,0,0,0,0,4,5.195121951219512,4,13,4,4,0,47,0,0.0,0,1,0,0,1,0,1,0.2340909090909091,0.3886363636363636,0,149
772,2,0,0,1,0,13,3.9172413793103447,21,23,15,3,0,170,0,0.0,0,6,0,0,1,0,1,0.19587412587412587,0.5653846153846154,0,0
413,2,0,1,1,0,7,4.435483870967742,10,17,6,9,0,86,0,0.0,0,3,0,0,1,1,1,0.01904761904761905,0.37797619047619047,0,6
1210,3,0,2,0,0,14,4.521951219512195,40,50,19,4,0,238,0,0.0,0,4,0,0,1,0,1,0.2594444444444444,0.5677777777777778,0,404
1299,1,0,0,0,0,14,4.591111111111111,37,55,16,1,0,243,1,0.00411522633744856,0,7,0,0,1,0,0,0.2172222222222222,0.457037037037037,0,6
608,0,0,2,0,0,6,5.7011494252873565,13,26,5,4,0,99,2,0.020202020202020204,0,4,0,0,0,0,1,0.23931818181818182,0.6957575757575757,0,19
1097,1,0,0,0,0,13,3.971014492753623,31,49,11,10,0,234,0,0.0,0,7,0,0,1,0,1,0.13749999999999998,0.4125,0,1
640,1,0,0,0,0,18,4.419642857142857,11,31,7,2,0,129,0,0.0,0,0,0,0,0,0,0,-0.027857142857142858,0.3704761904761905,0,6
432,1,0,0,1,0,7,3.875,12,16,2,8,0,99,0,0.0,0,1,0,0,1,0,1,0.06666666666666667,0.08888888888888889,0,55
431,1,0,0,0,0,10,4.838709677419355,18,16,8,13,0,92,0,0.0,0,1,1,0,1,0,1,0.2458333333333333,0.5683333333333334,0,342
656,0,0,0,3,0,6,4.297520661157025,20,33,2,4,0,128,0,0.0,0,2,0,0,1,0,1,0.2777777777777778,0.6444444444444444,0,28
626,2,0,6,0,0,8,4.421568627450981,23,32,4,6,0,127,0,0.0,0,6,0,0,1,0,1,0.378125,0.41250000000000003,0,5
214,5,0,1,0,0,12,3.9642857142857144,6,7,2,2,0,57,0,0.0,1,1,0,0,1,0,1,0.0625,0.2,0,150
1144,1,0,2,4,1,16,5.325581395348837,22,65,15,5,0,197,0,0.0,1,4,0,0,1,0,1,0.08567708333333333,0.3015625,0,12
864,1,0,0,0,0,9,4.527397260273973,24,31,10,13,0,170,0,0.0,0,0,0,0,1,0,1,-0.09833333333333333,0.5778787878787879,0,105
893,0,0,3,1,0,11,4.671140939597316,26,32,12,5,0,169,0,0.0,0,0,2,0,1,0,1,0.31659982174688056,0.4718360071301248,0,44
1916,1,0,0,0,0,22,4.64375,58,63,29,11,0,366,0,0.0,0,18,0,0,1,0,1,0.08097041847041846,0.527648938363224,0,1
209,2,0,0,0,0,1,3.861111111111111,4,11,6,3,0,48,0,0.0,0,2,0,0,1,0,1,0.31875000000000003,0.46874999999999994,0,0
931,1,0,0,0,0,15,4.462025316455696,29,28,13,1,0,185,0,0.0,0,0,0,0,1,0,0,-0.08935574229691878,0.6196078431372549,0,96
1284,0,0,0,3,0,24,4.243362831858407,35,56,14,10,0,269,0,0.0,0,14,1,0,1,0,1,0.056060606060606054,0.4656986531986531,0,5
970,1,0,1,0,0,7,5.528169014084507,23,49,17,1,0,157,0,0.0,0,2,0,0,1,1,1,0.23214285714285718,0.6152597402597402,0,9
808,4,0,1,0,0,17,4.0647482014388485,16,37,14,7,0,182,0,0.0,0,4,0,0,1,1,1,0.1046875,0.40234375,0,1359
1007,2,0,1,0,0,15,3.9427083333333335,27,49,11,14,0,220,0,0.0,1,5,0,0,1,0,1,0.038034188034188024,0.40683760683760684,0,14
577,1,0,0,3,0,13,4.617021276595745,15,22,13,4,0,116,0,0.0,0,1,0,0,1,0,1,-0.08281249999999996,0.6319444444444444,0,0
902,0,0,1,0,0,4,4.351851851851852,33,44,13,7,0,176,0,0.0,0,1,0,0,1,0,1,0.14904513888888887,0.5510416666666667,0,138
603,0,0,0,0,0,8,4.514285714285714,19,31,5,6,0,117,0,0.0,0,6,0,0,1,0,1,0.275,0.5236111111111111,0,70
251,1,0,0,1,0,5,4.666666666666667,5,13,2,5,0,49,0,0.0,0,3,0,0,1,0,0,0.5,0.75,0,199
244,0,0,0,0,0,4,3.2264150943396226,8,10,3,1,0,60,0,0.0,0,2,0,0,0,0,1,0.23047619047619042,0.4071428571428572,0,2473
186,2,0,0,0,0,6,3.8484848484848486,8,8,2,3,0,45,0,0.0,0,0,0,0,1,0,1,0.0,0.0,0,634
550,1,0,0,0,1,12,3.6203703703703702,15,16,10,7,0,134,0,0.0,0,0,0,0,0,0,1,0.040624999999999994,0.47395833333333337,0,1
770,1,0,0,2,0,13,4.0,22,32,7,13,0,173,0,0.0,0,4,0,0,0,1,1,0.045000000000000026,0.54,0,156
500,0,0,1,0,0,6,5.311688311688312,18,23,2,2,0,83,0,0.0,0,3,0,0,1,0,0,0.27499999999999997,0.4208333333333334,0,246
1183,2,0,0,0,0,13,4.7384615384615385,43,35,24,8,0,223,0,0.0,0,4,0,0,1,1,1,0.2575333333333333,0.5051333333333333,0,0
227,0,0,0,0,0,5,3.5454545454545454,8,8,1,1,0,52,0,0.0,0,1,0,0,0,0,1,0.32857142857142857,0.37857142857142856,0,315
496,5,0,1,0,3,10,3.8,13,22,2,11,0,120,0,0.0,0,2,0,0,0,0,1,0.2796031746031746,0.5206349206349207,0,871
747,0,0,0,1,0,12,3.979020979020979,20,21,15,2,0,159,0,0.0,0,5,0,0,1,0,0,0.20356643356643359,0.5769230769230769,0,422
596,0,0,0,0,0,5,4.831460674157303,18,29,2,17,0,112,0,0.0,0,1,0,0,1,0,1,-0.04444444444444443,0.303968253968254,0,5282
244,0,0,0,0,0,4,3.2264150943396226,8,10,3,1,0,60,0,0.0,0,2,0,0,0,0,1,0.23047619047619042,0.4071428571428572,0,44
322,1,0,0,0,0,7,4.630434782608695,9,17,2,7,0,67,0,0.0,0,2,1,0,1,0,1,0.1111111111111111,0.35555555555555557,0,834
754,1,0,1,1,0,8,5.047169811320755,15,31,18,4,0,135,0,0.0,1,0,0,0,1,0,1,0.20833333333333331,0.5692708333333334,0,0
176,1,0,1,0,0,4,4.387096774193548,4,9,6,2,0,36,0,0.0,0,2,0,0,0,0,1,0.0443452380952381,0.6130952380952381,0,13458
1298,2,0,0,0,0,18,4.430493273542601,40,47,11,13,0,262,0,0.0,0,2,0,0,1,1,1,0.2839052287581699,0.42565359477124187,0,9
750,0,0,0,0,0,12,4.507936507936508,21,30,9,5,0,150,0,0.0,0,2,0,0,1,1,1,0.11250000000000002,0.60625,0,27
1789,1,0,1,1,0,23,3.919308357348703,52,86,18,12,0,384,0,0.0,0,20,0,0,1,0,1,0.18485449735449735,0.5341931216931217,0,12
607,1,0,0,4,0,13,4.947916666666667,14,34,4,4,0,113,0,0.0,0,4,0,0,1,0,1,-0.11000000000000001,0.44000000000000006,0,9
514,3,0,1,3,0,9,4.678571428571429,16,23,6,6,0,101,0,0.0,0,4,0,0,1,0,1,-0.08796296296296295,0.5222222222222223,0,23
1171,0,0,2,4,0,21,4.3076923076923075,33,53,19,1,0,241,0,0.0,0,6,0,0,1,0,0,0.12066624895572264,0.6102861319966584,0,8
788,2,0,0,0,0,9,4.5984251968503935,14,39,15,8,0,157,0,0.0,0,2,0,0,1,1,1,-0.03839285714285713,0.4107142857142857,0,100
984,2,0,1,1,0,19,5.120805369127517,25,51,10,10,0,182,0,0.0,0,7,1,0,0,0,1,0.18219696969696972,0.47518037518037515,0,269
589,0,0,2,6,0,12,4.56701030927835,9,25,7,4,0,118,0,0.0,0,0,0,0,0,1,1,0.1708333333333333,0.45,0,0
708,1,0,1,0,0,6,5.0265486725663715,14,36,8,4,0,125,0,0.0,0,0,0,0,1,0,1,0.1065376984126984,0.40164682539682545,0,26
1247,1,0,10,3,0,18,4.4485981308411215,38,43,14,9,0,247,0,0.0,0,15,0,0,1,0,1,0.17061011904761908,0.5697619047619048,0,8
1223,2,0,0,0,0,12,4.244239631336406,41,58,15,13,0,254,0,0.0,0,2,0,0,0,0,1,0.23675736961451255,0.4649244142101284,0,8
397,1,0,0,0,0,8,4.566666666666666,10,23,5,9,0,84,0,0.0,0,2,1,0,1,0,1,0.23055555555555554,0.48611111111111116,0,56
789,2,0,0,1,0,10,4.446969696969697,24,32,8,9,0,164,0,0.0,0,3,0,0,1,0,1,0.05371295371295371,0.369047619047619,0,19
244,0,0,0,0,0,4,3.2264150943396226,8,10,3,1,0,60,0,0.0,0,2,0,0,0,0,1,0.23047619047619042,0.4071428571428572,0,0
726,2,0,0,2,0,7,5.1,9,44,11,12,0,132,0,0.0,0,2,0,0,1,0,1,0.13846153846153847,0.4294871794871794,0,403
416,3,0,2,0,0,9,3.2705882352941176,9,20,6,7,0,108,0,0.0,0,8,0,0,0,0,1,0.3455357142857143,0.4542857142857143,0,15
1070,1,0,1,0,0,12,5.047904191616767,26,47,16,8,0,189,0,0.0,0,5,0,0,1,0,1,0.3451388888888889,0.5097222222222223,0,63
924,0,0,0,0,0,12,4.154761904761905,27,30,4,12,0,191,0,0.0,0,3,0,0,1,0,1,-0.09494047619047619,0.4703373015873015,0,80
1313,1,0,0,4,0,21,4.214285714285714,44,47,19,8,0,269,0,0.0,0,11,0,0,1,0,1,0.11713250517598346,0.5116977225672878,0,26
169,0,0,0,0,0,3,3.3684210526315788,8,9,1,2,0,40,0,0.0,0,0,0,0,0,0,1,0.2619047619047619,0.3452380952380952,0,0
244,0,0,0,0,0,4,3.2264150943396226,8,10,3,1,0,60,0,0.0,0,2,0,0,0,0,1,0.23047619047619042,0.4071428571428572,0,3
278,2,0,0,0,0,6,4.361702127659575,9,13,2,4,0,59,0,0.0,0,1,0,0,1,0,1,0.002777777777777777,0.3138888888888889,0,291
460,3,0,0,0,0,11,4.243589743589744,17,17,6,5,0,100,0,0.0,0,0,0,0,1,0,1,0.32,0.45999999999999996,0,53
652,1,0,0,0,0,13,4.67,13,29,8,15,0,136,0,0.0,0,1,0,0,1,1,1,0.09333333333333334,0.47333333333333333,0,5
1763,1,0,0,0,0,23,4.88421052631579,47,72,24,7,0,325,0,0.0,0,2,0,0,1,1,1,0.11560416666666666,0.40090625,0,12
157,1,0,0,0,0,4,3.357142857142857,5,8,2,1,0,43,0,0.0,0,2,0,0,0,0,1,0.0,0.0,0,1
315,2,0,0,1,0,5,4.510204081632653,5,10,7,8,0,69,0,0.0,0,1,0,0,0,0,1,0.18,0.22000000000000003,0,231
1178,1,0,0,4,0,18,4.945054945054945,24,46,12,16,0,222,0,0.0,0,10,0,0,1,0,1,0.07777777777777778,0.40555555555555556,0,4
1313,1,0,0,4,0,21,4.214285714285714,44,47,19,8,0,269,0,0.0,0,11,0,0,1,0,1,0.11713250517598346,0.5116977225672878,0,7
1032,1,0,1,3,0,19,4.248618784530387,35,39,2,7,0,218,0,0.0,0,3,0,0,1,0,1,0.1462121212121212,0.39671717171717175,0,61
436,0,0,0,0,0,6,4.661764705882353,11,16,8,6,0,82,0,0.0,1,4,0,0,1,0,1,0.13666666666666666,0.5695833333333333,0,221
968,1,0,0,0,0,12,4.488235294117647,33,35,14,2,0,186,0,0.0,0,4,1,0,1,0,0,0.320734126984127,0.5149801587301587,0,2
393,0,0,0,0,0,5,3.4430379746835444,9,20,5,6,0,99,0,0.0,0,5,0,0,1,0,1,0.21000000000000002,0.11857142857142858,0,992
640,2,0,0,0,0,9,4.043103448275862,20,23,10,6,0,139,0,0.0,0,1,0,0,1,0,1,0.04629629629629631,0.6277777777777778,0,6
584,1,0,0,1,0,4,5.021739130434782,18,26,6,7,0,105,0,0.0,0,3,0,0,1,1,1,0.05833333333333334,0.6645833333333333,0,14
414,1,0,0,0,0,3,4.857142857142857,11,15,2,7,0,71,0,0.0,0,1,0,0,1,0,1,0.10151515151515152,0.5681818181818182,0,23
657,3,0,0,0,0,1,5.782608695652174,16,39,10,9,0,104,0,0.0,0,1,0,0,0,1,1,0.16136363636363635,0.3857954545454545,0,185
94,1,0,0,0,0,1,4.176470588235294,2,5,4,1,0,19,0,0.0,0,0,0,0,1,0,1,0.3,0.4,0,6
456,1,0,0,5,0,7,4.473684210526316,16,16,3,6,0,95,0,0.0,0,2,0,0,0,0,1,0.1328125,0.475,0,12
297,1,0,1,0,0,3,4.73469387755102,9,20,3,2,0,57,0,0.0,0,2,0,0,1,0,1,0.22136363636363637,0.42181818181818187,0,0
1710,0,0,0,2,0,20,5.022222222222222,38,71,25,10,0,310,0,0.0,0,8,0,0,1,1,1,0.07042857142857142,0.5234285714285715,0,531
460,1,0,2,0,0,7,4.012195121951219,14,20,9,8,0,101,0,0.0,0,3,0,0,1,0,1,0.1388888888888889,0.25370370370370376,0,26
1104,5,0,1,1,0,11,5.030487804878049,34,51,12,12,0,206,0,0.0,0,6,0,0,1,0,1,0.37849650349650354,0.6465034965034964,0,133
210,0,0,0,1,0,3,4.735294117647059,5,8,5,1,0,41,0,0.0,0,0,0,0,1,0,1,-0.24393939393939393,0.5090909090909091,0,278
338,0,0,1,0,0,4,4.770833333333333,8,15,4,10,0,63,0,0.0,0,1,0,0,1,0,1,0.09015151515151515,0.3181818181818182,0,0
358,2,0,0,0,0,7,4.222222222222222,9,14,3,2,0,76,0,0.0,0,4,0,0,0,0,1,0.12666666666666665,0.49333333333333335,0,365
998,0,0,2,0,0,16,4.433526011560693,33,38,14,7,0,198,0,0.0,1,8,0,0,1,0,1,0.2288359788359788,0.49874338624338627,0,21
296,1,0,0,0,0,2,5.295454545454546,10,13,6,3,0,53,0,0.0,0,0,0,0,0,0,1,0.2023809523809524,0.6083333333333333,0,0
399,1,0,3,1,0,5,3.780821917808219,8,18,4,3,0,97,0,0.0,0,2,0,0,1,0,1,0.26080729166666666,0.19999999999999998,0,288
691,1,0,1,1,0,5,3.873015873015873,22,35,6,9,0,151,0,0.0,0,5,0,0,0,1,1,0.13166666666666665,0.5941666666666666,0,2
302,1,0,0,0,0,6,4.150943396226415,6,13,7,7,0,67,0,0.0,0,0,0,0,1,0,1,0.52,0.6,0,191
386,0,0,0,2,0,8,4.492063492063492,9,18,3,4,0,80,0,0.0,0,1,0,0,0,0,1,0.19999999999999998,0.26666666666666666,0,76
724,1,0,2,2,0,12,4.029850746268656,15,33,11,4,0,157,0,0.0,0,1,0,0,1,0,1,0.16249999999999998,0.35454545454545455,0,35
351,1,0,1,0,0,7,3.8870967741935485,11,16,1,9,0,77,0,0.0,0,2,0,0,1,0,1,-0.225,0.5333333333333333,0,17785
345,1,0,1,0,0,3,5.461538461538462,8,20,3,3,0,57,1,0.017543859649122806,0,0,0,0,0,0,1,0.2,0.365,0,68
735,0,0,1,0,0,6,4.845528455284553,17,35,9,1,0,131,0,0.0,0,1,0,0,0,0,0,0.15784523809523812,0.40197619047619043,0,8
453,0,0,0,3,0,4,3.764044943820225,19,17,3,6,0,100,0,0.0,0,5,0,0,1,0,1,-0.15595238095238098,0.5836309523809524,0,36
1175,1,0,0,3,0,23,4.688172043010753,28,62,12,18,0,235,0,0.0,0,6,0,0,1,1,1,0.2606060606060606,0.6909090909090909,0,88
634,1,0,0,0,0,8,4.351351351351352,15,22,6,6,0,127,0,0.0,1,6,0,0,1,0,1,0.509375,0.5104166666666667,0,2
780,2,0,2,1,0,13,4.406015037593985,16,40,8,10,0,158,0,0.0,0,6,0,0,0,0,1,0.35185185185185186,0.6645061728395062,0,12
374,1,0,3,0,0,11,4.15625,8,15,9,4,0,84,0,0.0,0,0,0,0,1,0,1,0.5291666666666667,0.6291666666666665,0,17
701,1,0,1,2,0,12,4.275862068965517,16,27,9,18,0,147,0,0.0,0,2,1,0,1,1,1,0.06853535353535352,0.39919191919191915,0,24
858,1,0,2,2,1,15,4.145695364238411,18,43,12,18,0,189,0,0.0,1,6,0,0,0,0,1,0.23422619047619045,0.4756613756613756,0,12
201,1,0,0,0,0,6,4.257142857142857,7,7,3,2,0,43,0,0.0,0,1,0,0,1,0,1,-0.13333333333333333,0.5499999999999999,0,57
520,2,0,0,2,1,8,4.595505617977528,16,19,6,4,0,99,0,0.0,0,1,0,0,0,0,0,-0.009467120181405895,0.5133786848072562,0,4
1156,2,0,0,0,0,11,4.966480446927374,32,55,17,7,0,208,1,0.004807692307692308,0,8,1,0,1,0,1,0.15916666666666668,0.5991666666666667,0,130
839,4,0,0,2,0,8,4.503597122302159,22,39,8,7,0,165,0,0.0,0,5,0,0,1,0,1,0.28425925925925927,0.4337962962962963,0,11
2536,1,0,2,0,0,22,4.472035794183445,70,115,33,18,0,484,0,0.0,2,13,0,0,1,0,1,0.18432659932659937,0.5263973063973064,0,5
749,0,0,3,0,0,5,3.8456375838926173,21,29,1,5,0,161,0,0.0,0,1,0,0,0,0,1,0.2703125,0.5847222222222223,0,8
820,1,0,1,0,0,12,4.35251798561151,23,42,13,13,0,170,0,0.0,0,10,0,0,1,0,1,0.03020833333333333,0.2895833333333333,0,1415
1060,0,0,3,0,0,10,4.911764705882353,34,41,13,10,0,193,0,0.0,0,8,0,0,1,0,1,0.11311728395061728,0.6095679012345678,0,11
659,0,0,3,2,0,12,4.695238095238095,17,21,5,10,0,129,0,0.0,0,1,0,0,0,1,1,0.13888888888888887,0.5416666666666666,0,75
792,0,0,2,4,0,16,4.223776223776224,24,32,8,4,0,164,0,0.0,0,4,0,0,0,1,1,0.1302556818181818,0.21843434343434345,0,156
403,2,0,0,0,0,3,4.2,11,18,7,8,0,87,0,0.0,0,2,0,0,1,0,1,0.15500000000000003,0.5390476190476191,0,6055
1299,0,0,0,0,0,10,5.371859296482412,42,43,32,4,0,214,0,0.0,1,5,0,0,1,0,1,0.2667402597402597,0.4273722943722943,0,1
214,0,0,0,0,0,3,4.382352941176471,4,9,4,8,0,43,0,0.0,0,2,0,0,1,0,1,0.47500000000000003,0.775,0,37
1068,2,0,0,2,0,14,4.629213483146067,25,49,11,8,0,204,0,0.0,0,4,0,0,1,0,1,0.3379797979797981,0.5680808080808081,0,14
403,1,0,0,0,0,3,4.673076923076923,7,29,1,17,0,96,0,0.0,0,3,0,0,1,0,1,0.0,0.1,0,234
762,1,0,0,0,0,9,4.703389830508475,16,38,10,20,0,151,0,0.0,0,2,0,0,1,0,1,0.15083333333333332,0.5516666666666666,0,54
753,1,0,0,2,0,15,4.029197080291971,20,27,14,10,0,161,0,0.0,0,5,0,0,1,0,1,0.5933333333333334,0.4722222222222222,0,23
1061,0,0,0,0,0,9,4.814606741573034,26,47,16,5,0,190,0,0.0,1,9,0,0,1,0,0,0.1941176470588235,0.3980392156862745,0,0
988,0,0,0,0,0,8,4.932098765432099,26,49,13,6,0,174,0,0.0,0,3,0,0,0,0,1,0.056663860830527484,0.49001122334455666,0,18
246,1,0,0,1,0,5,3.5652173913043477,8,11,5,8,0,62,0,0.0,0,4,0,0,1,0,1,0.12727272727272726,0.5,0,779
612,4,0,0,0,0,11,4.621052631578947,12,33,8,7,0,125,0,0.0,0,0,0,0,1,0,1,0.2788888888888889,0.5844444444444444,0,6
713,1,0,0,0,0,5,4.551724137931035,19,31,13,10,0,134,0,0.0,0,1,0,0,1,1,1,0.08442355889724311,0.44477443609022554,0,3
524,2,0,0,0,0,9,4.54320987654321,3,27,12,9,0,110,0,0.0,0,6,0,0,1,1,1,0.3772727272727272,0.615909090909091,0,455
328,3,0,0,1,0,5,3.389830508474576,9,17,3,7,0,84,0,0.0,0,2,0,0,1,0,1,0.4787878787878788,0.3181818181818182,0,54
512,0,0,1,0,0,5,4.738636363636363,11,21,10,1,0,92,0,0.0,1,6,0,0,0,0,0,0.16547619047619047,0.5595238095238095,0,19
474,1,0,0,1,0,7,4.337349397590361,9,29,6,3,0,98,0,0.0,0,4,0,0,0,0,1,0.08333333333333336,0.49999999999999994,0,27
1037,2,0,0,2,1,19,4.654970760233918,33,38,8,5,0,203,0,0.0,0,4,0,0,1,0,1,0.019523809523809527,0.7714285714285715,0,21
627,2,0,1,0,0,10,3.95959595959596,7,30,6,21,0,138,1,0.007246376811594203,0,1,0,0,0,0,1,0.41171875,0.609375,0,3
969,1,0,2,3,0,17,4.649681528662421,28,35,15,19,0,196,0,0.0,0,3,1,0,1,0,1,0.1441666666666667,0.5304166666666668,0,10
546,0,0,0,0,0,9,4.208333333333333,21,17,6,8,0,112,0,0.0,0,0,0,0,1,0,1,-0.029190607372425556,0.43327036599763874,0,740
598,2,0,1,2,0,8,4.31,19,31,8,6,0,123,0,0.0,0,5,0,0,1,1,1,0.20985832349468714,0.3949822904368359,0,0
90,0,0,0,0,0,1,4.3125,5,3,2,2,0,18,0,0.0,0,0,0,0,0,0,1,0.2,0.5,0,3
1274,1,0,0,3,0,21,4.26457399103139,36,53,12,11,0,266,0,0.0,0,14,1,0,1,0,1,0.09772727272727272,0.42924031986531985,0,3
696,1,0,0,1,0,13,4.425,15,29,11,8,0,139,0,0.0,0,4,1,0,1,0,1,0.24307359307359305,0.5027056277056278,0,103
252,1,0,0,1,0,4,3.511111111111111,7,14,1,5,0,66,0,0.0,0,2,0,0,0,1,1,0.5,0.5,0,1
254,0,0,2,0,0,5,3.5625,2,9,4,7,0,59,0,0.0,0,2,0,0,0,0,1,-0.024999999999999994,0.125,0,3149
514,0,0,0,2,0,6,4.08080808080808,14,18,7,1,0,105,0,0.0,0,1,0,0,0,0,0,-0.10763888888888888,0.6053240740740741,0,14
821,0,0,0,0,0,10,4.514084507042254,24,26,15,5,0,160,0,0.0,0,5,0,0,0,0,1,0.14687499999999998,0.4953125,0,10
750,1,0,2,0,0,10,5.252173913043478,20,32,11,5,0,129,1,0.007751937984496124,0,2,0,0,1,0,1,0.08917410714285715,0.4802455357142857,0,12
1415,1,0,4,3,1,14,4.48995983935743,35,59,18,3,0,271,0,0.0,0,12,0,0,1,0,1,0.1755975908149821,0.51914172783738,0,6
243,1,0,1,2,0,6,4.142857142857143,7,14,2,2,0,49,0,0.0,0,1,0,0,1,0,1,0.33999999999999997,0.32,0,6
723,0,0,0,0,0,16,4.726495726495727,23,27,10,1,0,142,0,0.0,0,0,1,0,0,0,1,0.16666666666666666,0.4055555555555556,0,2
742,1,0,0,1,0,6,4.574803149606299,22,34,6,11,0,142,0,0.0,0,5,0,0,1,1,1,0.06805555555555555,0.5283730158730159,0,149
803,2,0,1,0,0,6,4.148936170212766,16,28,17,11,0,170,0,0.0,0,6,0,0,1,0,1,0.04899691358024691,0.4077160493827161,0,4
806,1,0,0,1,0,5,4.559440559440559,17,41,20,3,0,149,0,0.0,0,5,0,0,1,0,0,0.26292929292929296,0.5786531986531986,0,2
955,0,0,0,0,0,15,4.181286549707602,22,42,9,6,0,198,0,0.0,0,4,0,0,0,1,1,0.0815934065934066,0.5097985347985349,0,59
544,0,0,0,0,2,6,2.787878787878788,15,31,7,9,0,151,0,0.0,0,1,0,0,0,0,1,-0.024999999999999998,0.43333333333333335,0,549
263,1,0,0,1,0,4,4.230769230769231,5,14,3,4,0,61,0,0.0,0,1,0,0,1,1,1,0.1,0.6,0,2
204,0,0,1,0,0,3,4.689655172413793,4,7,4,3,0,38,0,0.0,0,1,0,0,0,0,1,0.4204545454545454,0.6515151515151515,0,5
186,1,0,0,1,0,4,3.806451612903226,8,6,0,3,0,47,0,0.0,0,1,0,0,0,0,1,0.0,0.0,0,30
483,1,0,0,0,0,3,4.775,13,24,7,4,0,91,0,0.0,0,0,0,0,0,0,1,0.18000000000000002,0.5183333333333333,0,280
63,0,0,0,1,0,2,3.5555555555555554,2,2,0,1,0,18,0,0.0,0,1,0,0,1,0,1,0.0,0.0,0,31
723,0,0,0,0,0,16,4.726495726495727,23,27,10,1,0,142,0,0.0,0,0,1,0,0,0,1,0.16666666666666666,0.4055555555555556,0,1
1057,1,0,7,3,0,25,4.634831460674158,33,41,11,9,0,205,0,0.0,0,9,0,0,1,0,1,0.13931712962962967,0.5468518518518519,0,16
445,0,0,0,3,0,8,4.594594594594595,11,17,4,4,0,88,0,0.0,0,1,0,0,1,0,1,-0.08333333333333333,0.5583333333333333,0,51
559,1,0,0,1,0,14,3.92,22,21,6,10,0,126,0,0.0,0,1,0,0,1,0,1,0.36,0.6799999999999999,0,157
817,1,0,0,1,1,10,4.601449275362318,18,38,11,4,0,151,0,0.0,0,2,0,0,1,0,1,0.26481481481481484,0.4444444444444444,0,0
134,0,0,0,0,0,5,2.576923076923077,0,5,4,4,0,45,0,0.0,0,1,0,0,0,1,1,-0.08333333333333333,0.03333333333333333,0,45
893,1,0,0,2,0,14,4.401273885350318,21,44,12,6,0,178,0,0.0,0,1,2,0,1,0,1,0.23964646464646464,0.4164141414141414,0,1
211,2,0,1,0,0,6,4.235294117647059,11,9,3,3,0,49,0,0.0,0,1,1,0,1,0,1,0.17500000000000002,0.48333333333333334,0,45
425,3,0,5,1,0,14,3.1842105263157894,9,15,2,7,0,116,0,0.0,0,5,0,0,1,0,1,0.5,1.0,0,994
447,2,0,0,0,0,6,4.739130434782608,9,19,1,11,0,91,0,0.0,0,1,0,0,1,1,1,0.3,0.5,0,420
1123,1,0,0,0,0,9,5.073863636363637,28,39,16,12,0,192,0,0.0,0,2,0,0,1,1,1,0.3325174825174825,0.5844599844599844,0,0
369,0,0,0,0,0,4,5.363636363636363,6,20,4,3,0,64,0,0.0,0,0,0,0,0,0,1,0.02777777777777779,0.3666666666666667,0,32
196,1,0,1,0,0,3,5.266666666666667,5,10,5,1,0,34,0,0.0,0,0,0,0,1,0,1,0.14166666666666664,0.4916666666666667,0,64
302,2,0,1,1,0,5,6.1875,8,11,5,4,0,54,0,0.0,0,0,0,0,1,1,1,0.1416666666666667,0.3,0,6
664,2,0,0,0,0,5,4.657407407407407,20,19,8,8,0,127,0,0.0,0,1,0,0,1,0,1,0.22575757575757577,0.3227272727272727,0,8
318,1,0,3,0,0,5,4.48,4,13,2,5,0,71,0,0.0,0,1,0,0,0,0,1,-0.5234375,0.6833333333333333,0,0
646,1,0,0,3,0,5,4.034188034188034,23,31,3,11,0,137,0,0.0,0,5,0,0,1,1,1,-0.11640211640211644,0.541005291005291,0,0
545,0,0,0,0,0,8,3.8598130841121496,12,17,11,4,0,119,0,0.0,0,0,0,0,0,0,1,0.5500000000000002,0.875,0,5
388,0,0,1,0,0,5,4.072463768115942,14,13,6,5,0,84,0,0.0,0,1,0,0,1,0,1,0.45000000000000007,0.7055555555555556,0,457
444,4,0,3,1,0,10,4.0675675675675675,8,16,6,14,0,104,0,0.0,1,1,0,0,1,0,1,-0.053148674242424226,0.509469696969697,0,743
334,1,0,0,0,0,5,4.189655172413793,7,15,6,7,0,70,0,0.0,0,1,0,0,1,0,1,0.3066666666666667,0.5488888888888889,0,288
1253,2,0,0,2,1,18,4.3125,41,53,9,5,0,249,0,0.0,1,14,1,0,1,0,1,0.10416666666666667,0.4625000000000001,0,11
310,2,0,0,0,0,6,3.877551020408163,6,12,2,6,0,73,0,0.0,0,1,0,0,1,0,1,0.10000000000000002,0.6,0,188
326,1,0,1,0,0,6,4.980769230769231,5,17,2,3,0,60,0,0.0,0,0,0,0,0,0,1,-0.15,0.175,0,51
611,2,0,0,2,0,10,4.927835051546392,19,22,9,1,0,112,0,0.0,0,0,0,0,1,0,1,-0.18229166666666669,0.5510416666666667,0,2
138,2,0,0,0,0,1,4.166666666666667,3,8,5,1,0,30,0,0.0,0,0,0,0,1,0,1,0.08333333333333333,0.2833333333333334,0,339
780,3,0,3,0,0,14,3.3190184049079754,15,35,9,15,0,200,0,0.0,0,4,0,0,0,0,1,0.26241258741258744,0.6257342657342657,0,0
173,1,0,0,1,0,4,3.3636363636363638,7,8,1,4,0,46,0,0.0,0,3,0,0,1,0,1,0.5,0.5,0,130
791,1,0,1,0,0,9,4.968,14,29,16,11,0,144,0,0.0,0,0,0,0,1,0,1,0.1603174603174603,0.28115079365079365,0,58
507,1,0,0,3,0,5,3.8421052631578947,19,21,3,8,0,113,0,0.0,0,4,0,0,1,0,1,-0.15595238095238098,0.5836309523809524,0,174
650,1,0,1,0,0,11,4.903846153846154,12,27,11,7,0,121,0,0.0,0,0,0,0,1,0,1,0.10333333333333333,0.5733333333333334,0,101
1066,0,0,1,1,0,11,4.619565217391305,26,39,14,11,0,199,0,0.0,0,0,0,0,0,1,1,0.10415329768270944,0.2687522281639929,0,53
179,1,0,0,0,0,6,3.967741935483871,8,8,3,4,0,42,0,0.0,0,0,0,0,1,0,1,0.0,0.0,0,591
518,2,0,0,0,0,11,3.9895833333333335,13,28,4,5,0,116,0,0.0,0,1,0,0,0,0,1,0.31142857142857144,0.31428571428571433,0,86
964,0,0,1,0,0,9,5.032894736842105,25,26,14,5,0,172,0,0.0,0,8,0,0,0,1,1,0.25416666666666665,0.4773809523809523,0,5
718,1,0,0,0,0,16,4.430894308943089,22,30,3,4,0,146,0,0.0,1,10,0,0,1,0,1,0.15714285714285717,0.275,0,88
646,0,0,1,0,0,4,5.010752688172043,18,29,4,12,0,115,0,0.0,0,1,0,0,1,1,1,0.25227272727272726,0.3,0,29
357,2,0,1,0,0,6,5.0,6,18,2,4,0,67,0,0.0,0,0,0,0,1,0,1,-0.15,0.175,0,642
151,3,0,1,0,0,5,4.208333333333333,4,5,5,4,0,36,0,0.0,0,0,0,0,1,0,1,0.22136363636363637,0.42181818181818187,0,3362
1354,0,0,0,1,0,14,5.119047619047619,27,54,15,7,0,234,0,0.0,0,3,0,0,1,0,1,0.10416666666666666,0.4133333333333333,0,19
653,0,0,0,2,0,4,5.12621359223301,9,34,16,9,0,114,0,0.0,0,1,0,0,1,0,1,0.09687499999999999,0.553125,0,193
536,2,0,1,0,0,12,3.979591836734694,22,23,6,4,0,122,0,0.0,0,2,0,0,1,0,1,0.16214285714285714,0.36714285714285716,0,6
929,3,0,2,3,0,16,4.818791946308725,27,29,20,5,0,175,0,0.0,0,1,1,0,1,0,0,0.14573934837092734,0.45933583959899754,0,10
329,0,0,0,0,0,7,3.783333333333333,11,8,3,8,0,78,0,0.0,0,5,0,0,1,0,1,0.075,0.4,0,5
161,1,0,0,0,0,6,4.7727272727272725,6,4,0,2,0,33,0,0.0,0,2,0,0,1,0,1,0.0,0.0,0,752
940,0,0,2,1,0,15,3.838888888888889,26,44,5,4,0,207,0,0.0,0,10,0,0,0,1,1,0.30833333333333335,0.40075757575757576,0,8
930,1,0,0,0,0,18,4.390243902439025,21,35,17,4,0,185,0,0.0,0,9,0,0,1,0,0,-0.0614059853190288,0.4134999058912102,0,66
1304,0,0,0,0,0,11,4.896551724137931,29,70,21,26,0,234,0,0.0,0,7,1,0,1,1,1,0.07053872053872055,0.5511784511784513,0,4
620,3,0,0,1,6,11,5.184210526315789,13,26,4,15,0,118,0,0.0,0,2,0,0,1,1,1,0.037500000000000006,0.275,0,186
1307,1,0,2,1,0,14,4.7373271889400925,34,50,18,6,0,241,0,0.0,0,13,0,0,1,0,1,0.2020634920634921,0.4511111111111112,0,10
477,1,0,1,0,0,8,4.179775280898877,16,19,5,4,0,97,0,0.0,0,0,0,0,1,0,0,0.00714285714285715,0.4799319727891157,0,0
230,1,0,0,1,0,4,3.590909090909091,5,9,4,7,0,57,0,0.0,0,2,0,0,0,0,1,0.25666666666666665,0.5,0,2
490,1,0,2,0,0,9,4.407407407407407,4,22,4,11,0,107,0,0.0,0,3,0,0,0,0,1,0.25,0.8333333333333334,0,9
1163,1,0,1,1,1,10,5.526315789473684,19,48,18,8,0,190,0,0.0,0,0,0,0,1,0,0,-0.034722222222222224,0.30462962962962964,0,182
173,1,0,1,0,0,4,4.148148148148148,3,5,3,4,0,36,0,0.0,0,0,0,0,0,0,1,-0.3333333333333333,0.425,0,0
1818,2,0,0,0,1,18,4.764309764309765,49,68,24,16,0,341,0,0.0,0,5,0,0,1,0,1,0.14657869012707725,0.4700325839035516,0,29
1504,1,0,0,0,0,13,4.897540983606557,46,61,17,9,0,270,0,0.0,0,6,0,0,1,0,1,0.20563016528925618,0.5710399449035813,0,29
3624,4,0,1,1,0,16,5.24907063197026,80,206,49,33,0,617,0,0.0,0,6,0,0,1,0,1,0.06315958815958816,0.4044401544401543,0,0
806,2,0,3,0,0,24,3.3710691823899372,19,29,11,8,0,206,0,0.0,0,8,0,0,1,0,1,0.06203703703703703,0.41620370370370374,0,99
1103,1,0,0,0,0,13,4.357142857142857,29,38,16,10,0,220,0,0.0,0,6,0,0,1,1,1,0.27168560606060604,0.5697916666666667,0,75
623,2,0,0,0,0,15,3.6379310344827585,18,19,6,8,0,155,0,0.0,0,6,0,0,1,0,1,0.009375000000000005,0.375,0,4507
602,0,0,0,0,0,5,4.534653465346534,16,25,12,10,0,113,0,0.0,0,1,0,0,1,1,1,0.04141456582633053,0.41474789915966387,0,12
136,0,0,0,0,0,2,4.0,5,10,0,1,0,28,0,0.0,0,0,0,0,0,0,0,0.5,0.5,0,825
625,0,0,0,0,1,4,4.256637168141593,24,27,5,5,0,122,0,0.0,0,5,0,0,1,0,1,0.14962121212121213,0.3737373737373737,0,33
1572,2,0,1,2,1,26,4.348920863309353,56,48,20,8,0,317,0,0.0,0,5,0,0,1,1,1,0.16912698412698413,0.44373015873015864,0,10
85,0,0,0,0,0,3,5.166666666666667,6,3,0,0,0,15,0,0.0,0,0,0,0,0,0,0,0.0,0.0,0,1835
666,5,0,0,0,0,11,4.481481481481482,13,38,9,9,0,141,0,0.0,1,1,0,0,1,0,1,0.471978021978022,0.5296703296703297,0,120
1242,2,0,0,2,0,9,4.828431372549019,26,46,20,6,0,225,0,0.0,0,9,0,0,1,0,1,0.24874999999999997,0.542948717948718,0,8
1034,1,0,1,0,1,12,4.796511627906977,32,50,9,6,0,191,0,0.0,0,10,0,0,1,0,0,0.1075,0.45,0,12
166,0,0,1,1,0,5,4.653846153846154,8,5,2,2,0,35,0,0.0,0,0,0,0,1,0,0,0.41666666666666663,0.5,0,1385
439,2,0,0,0,0,12,4.2,18,17,5,10,0,105,0,0.0,0,0,0,0,1,0,1,0.2197916666666667,0.45416666666666666,0,163
1394,2,0,1,0,0,13,4.4297872340425535,39,49,16,10,0,276,0,0.0,0,2,0,0,1,1,1,0.15722402597402596,0.49209956709956715,0,17
543,0,0,0,0,0,4,4.589473684210526,16,20,12,5,0,101,0,0.0,0,1,0,0,1,0,1,0.04141456582633053,0.41474789915966387,0,71
807,2,0,0,0,1,14,4.251798561151079,24,42,17,12,0,171,0,0.0,0,0,0,0,1,0,1,0.026143790849673207,0.6171568627450981,0,1221
823,1,0,0,1,0,14,4.228187919463087,23,25,14,11,0,170,0,0.0,0,8,0,0,1,0,1,0.25757575757575757,0.45898268398268394,0,71
1125,2,0,4,1,0,10,4.661375661375661,27,45,12,14,0,209,0,0.0,2,6,0,0,1,0,0,0.1780433006535948,0.47173202614379084,0,27
458,3,0,0,0,0,7,4.931506849315069,12,17,4,4,0,85,0,0.0,1,1,0,0,1,0,1,0.4800000000000001,0.5666666666666667,0,4300
805,1,0,5,1,0,14,5.132231404958677,21,26,9,13,0,150,0,0.0,0,1,0,0,1,0,1,0.1531303146258503,0.7397108843537415,0,96
964,1,0,2,1,0,21,4.382352941176471,28,29,12,1,0,193,0,0.0,0,0,0,0,1,0,0,0.20197172619047618,0.3728050595238095,0,0
693,1,0,0,3,1,9,4.452830188679245,13,25,15,10,0,138,0,0.0,0,0,0,0,1,1,1,0.11,0.4283333333333334,0,2365
478,2,0,0,0,0,9,4.185185185185185,9,18,9,6,0,106,0,0.0,0,3,0,0,1,0,1,0.29204545454545455,0.44431818181818183,0,11
1065,1,0,3,0,0,13,4.483870967741935,32,39,12,7,0,208,0,0.0,0,6,0,0,1,0,1,0.03961038961038961,0.37067932067932063,0,10
302,1,0,0,1,0,3,4.269230769230769,8,19,4,2,0,63,0,0.0,0,3,0,0,1,0,1,-0.13333333333333333,0.62,0,573
166,1,0,0,0,0,5,4.518518518518518,2,7,0,3,0,34,0,0.0,0,4,0,0,1,0,0,0.0,0.0,0,155
514,0,0,0,0,0,7,4.362637362637362,14,21,6,4,0,103,0,0.0,0,1,0,0,1,0,1,0.055625,0.46318452380952385,0,308
847,1,0,4,0,0,12,4.337837837837838,31,29,9,3,0,171,0,0.0,0,6,0,0,1,0,1,0.1206349206349206,0.6039682539682539,0,22
567,2,0,0,0,0,13,4.4787234042553195,12,23,8,4,0,115,0,0.0,0,1,0,0,1,0,1,0.0772727272727273,0.6060606060606062,0,125
934,2,0,2,0,0,8,5.258741258741258,23,35,17,3,0,162,0,0.0,0,6,0,0,1,0,1,0.11984126984126983,0.47658730158730156,0,0
1388,2,0,1,1,2,19,4.866666666666666,43,63,23,13,0,257,1,0.0038910505836575876,0,4,0,0,1,0,1,0.2031954887218045,0.34774436090225563,0,120
362,2,0,3,1,0,7,4.403846153846154,13,18,2,6,0,81,0,0.0,0,3,0,0,1,1,1,0.10416666666666664,0.19999999999999998,0,6617
367,1,0,1,1,0,6,4.65,12,17,2,3,0,72,0,0.0,0,2,0,0,1,0,1,0.09388888888888888,0.3844444444444445,0,26
160,2,0,0,1,0,6,2.3333333333333335,3,4,2,1,0,56,0,0.0,0,1,0,0,0,0,1,-0.16666666666666663,0.6222222222222221,0,73
973,0,0,0,1,0,11,4.587878787878788,20,31,16,10,0,187,0,0.0,0,5,0,0,0,0,1,0.23676470588235296,0.475,0,52
561,1,0,1,1,0,5,3.9904761904761905,20,27,5,5,0,122,0,0.0,0,4,0,0,0,0,1,0.15416666666666667,0.30601851851851847,0,124
1725,0,0,0,0,0,23,5.054744525547445,43,75,29,6,0,306,0,0.0,0,2,0,0,1,0,1,0.15873563218390804,0.4987931034482759,0,5
163,3,0,0,0,0,1,4.730769230769231,5,11,3,2,0,32,0,0.0,0,2,0,0,1,0,1,0.21166666666666667,0.6383333333333333,0,20
757,1,0,1,0,0,11,4.131386861313868,29,23,5,6,0,161,0,0.0,0,0,0,0,1,0,1,-0.07619047619047617,0.2857142857142857,0,292
552,1,0,0,2,0,5,4.976470588235294,12,30,8,4,0,99,0,0.0,0,2,0,0,0,0,1,0.0,0.38333333333333336,0,13
1377,1,0,0,0,0,16,4.632478632478633,38,61,14,7,0,260,0,0.0,0,4,0,0,1,0,1,0.051748251748251754,0.44108391608391606,0,148
761,1,0,5,4,0,14,4.373134328358209,32,25,8,7,0,155,0,0.0,0,3,0,0,1,0,1,0.2681547619047619,0.5567460317460317,0,118
1015,0,0,2,2,0,16,4.202127659574468,32,42,11,2,0,207,0,0.0,0,4,0,0,1,0,1,0.1435714285714286,0.49214285714285716,0,42
497,0,0,0,0,0,6,5.256410256410256,14,15,6,0,0,83,0,0.0,0,4,0,0,0,0,0,0.2619047619047619,0.5404761904761904,0,743
251,1,0,0,1,0,6,2.2586206896551726,10,15,1,8,0,89,0,0.0,0,1,0,0,0,0,1,0.0,0.0,0,16
251,1,0,0,1,0,6,2.2586206896551726,10,15,1,8,0,89,0,0.0,0,1,0,0,0,0,1,0.0,0.0,0,21
1126,1,0,0,1,0,21,4.184466019417476,44,36,11,5,0,235,0,0.0,0,7,0,0,1,1,1,0.11105820105820105,0.4612433862433863,0,4
493,1,0,0,0,0,6,4.01063829787234,13,20,11,3,0,104,0,0.0,0,4,0,0,0,1,1,0.20355477855477855,0.5826923076923076,0,58
173,1,0,0,0,0,1,5.346153846153846,2,9,2,5,0,29,0,0.0,0,0,0,0,1,0,1,0.2,0.25,0,186
767,1,0,0,2,0,3,4.402985074626866,18,25,21,5,0,151,0,0.0,0,5,0,0,1,0,1,0.04929292929292929,0.5325718725718726,0,395
370,3,0,0,1,0,7,3.5454545454545454,7,16,7,12,0,98,0,0.0,0,0,0,0,1,0,1,0.17708333333333334,0.59375,0,794
458,1,0,0,0,0,6,5.257142857142857,7,8,2,9,0,79,0,0.0,0,0,0,0,0,0,0,0.35,0.7875,0,126
257,0,0,0,0,0,5,3.3260869565217392,6,9,5,8,0,68,0,0.0,0,1,0,0,1,0,1,0.3181818181818182,0.4772727272727273,0,168
976,0,0,1,1,0,6,5.065789473684211,20,47,10,10,0,173,0,0.0,0,0,0,0,1,0,1,0.10560374149659864,0.3656972789115646,0,2
632,1,0,0,0,0,7,4.86,16,24,11,5,0,117,0,0.0,0,3,0,0,1,0,1,0.25514705882352945,0.5757352941176471,0,218
739,5,0,0,1,0,9,4.6016260162601625,12,32,4,8,0,145,0,0.0,0,4,0,0,1,0,1,-0.03778860028860029,0.3606782106782107,0,159
98,1,0,4,0,0,3,3.764705882352941,4,5,2,0,0,25,0,0.0,0,0,0,0,1,0,0,0.1953125,0.3,0,55
855,1,0,0,1,0,12,4.690140845070423,17,40,11,4,0,162,0,0.0,0,2,0,0,1,0,1,-0.024999999999999994,0.7055555555555556,0,35
1043,1,0,0,2,0,15,4.415730337078652,31,36,16,5,0,207,0,0.0,0,7,0,0,1,0,1,-0.09345238095238094,0.48000000000000004,0,14
248,1,0,0,0,0,3,3.8541666666666665,6,10,3,2,0,56,0,0.0,0,1,0,0,0,0,1,0.037142857142857144,0.6271428571428571,0,181
394,1,0,0,0,0,4,4.388059701492537,11,17,2,6,0,79,0,0.0,0,2,0,0,1,0,1,0.13636363636363635,0.45454545454545453,0,682
136,1,0,0,0,0,3,4.7727272727272725,2,6,3,2,0,27,0,0.0,0,0,0,0,1,0,0,0.40909090909090906,0.3386363636363636,0,1823
129,0,0,0,0,0,2,3.1724137931034484,6,5,3,1,0,33,0,0.0,0,0,0,0,0,0,1,0.10000000000000005,0.5555555555555555,0,24
1332,1,0,0,1,2,16,5.046948356807512,35,52,16,17,0,235,0,0.0,0,5,0,0,0,0,1,0.1628205128205128,0.4474358974358974,0,10
700,0,0,0,1,0,6,4.952830188679245,18,38,14,11,0,125,0,0.0,0,1,0,0,0,0,1,0.23095238095238094,0.3261904761904762,0,12
217,2,0,0,0,0,1,4.838709677419355,7,11,1,7,0,46,0,0.0,0,0,0,0,0,0,1,-0.20833333333333331,0.20833333333333331,0,6
397,1,0,1,0,0,15,3.8208955223880596,12,11,3,7,0,101,0,0.0,0,1,0,0,1,0,1,0.21388888888888885,0.38472222222222224,0,493
1430,0,0,0,0,0,15,4.512,33,55,27,11,0,272,0,0.0,0,1,0,0,0,0,1,0.14803350970017637,0.4735632885632885,0,21
590,1,0,0,0,0,9,4.691489361702128,11,30,8,8,0,118,1,0.00847457627118644,1,1,0,0,0,0,1,0.471978021978022,0.5296703296703297,0,10
157,1,0,0,0,0,2,4.24,3,11,2,5,0,34,0,0.0,0,0,0,0,1,1,1,0.0,0.0,0,178
541,2,0,1,1,0,10,3.843137254901961,17,17,6,1,0,124,0,0.0,0,1,0,0,1,0,1,0.253125,0.4625,0,22
155,0,0,1,0,0,3,3.782608695652174,3,8,3,8,0,37,0,0.0,0,0,0,0,0,1,1,0.60625,0.4,0,24
276,2,0,0,1,0,2,4.4186046511627906,4,11,1,4,0,59,0,0.0,0,0,0,0,1,0,1,0.0,0.0,0,363
681,1,0,3,0,0,6,5.0092592592592595,13,31,7,7,0,120,0,0.0,0,0,0,0,0,1,1,-0.07783203125,0.16354166666666664,0,17
940,2,0,1,1,1,16,2.8461538461538463,31,28,6,11,0,259,0,0.0,0,6,1,0,1,0,1,0.06190476190476193,0.4035714285714286,0,116
653,6,0,3,2,0,19,4.420560747663552,14,25,11,2,0,141,0,0.0,0,9,0,0,1,0,1,0.12738095238095237,0.3642857142857142,0,11
663,1,0,0,0,0,5,4.895238095238096,16,23,12,7,0,122,0,0.0,0,3,0,0,1,0,1,0.2965277777777778,0.5993055555555556,0,222
361,1,0,0,0,0,10,4.171875,13,14,7,3,0,77,0,0.0,0,1,0,0,0,0,1,0.3923809523809524,0.7952380952380953,0,4
1638,1,0,0,1,0,14,4.931297709923665,43,67,16,14,0,293,0,0.0,0,17,0,0,1,0,1,0.01181818181818182,0.4139772727272728,0,53
255,1,0,0,0,0,7,3.5714285714285716,8,11,2,4,0,63,0,0.0,0,1,0,0,1,0,1,0.2583333333333333,0.38333333333333336,0,1649
622,1,0,2,1,0,16,4.717171717171717,13,18,11,3,0,126,0,0.0,0,7,0,0,1,0,1,0.12404761904761903,0.3642857142857142,0,7
803,1,0,2,4,0,19,4.3671875,25,23,7,14,0,171,0,0.0,0,5,0,0,1,0,1,0.04812500000000001,0.5516666666666666,0,6
428,1,0,3,0,0,6,5.413793103448276,5,28,9,4,0,73,0,0.0,0,1,0,0,1,0,1,0.15444023569023566,0.5039983164983165,0,7
847,1,0,0,0,0,9,5.029629629629629,19,33,13,7,0,150,1,0.006666666666666667,0,3,0,0,1,1,1,0.022735042735042732,0.35008547008547014,0,5
363,2,0,2,0,0,6,4.225806451612903,9,11,3,7,0,81,0,0.0,0,3,0,0,1,0,1,-0.09999999999999998,0.85,0,2
189,0,0,0,1,0,2,4.142857142857143,6,10,4,2,0,40,0,0.0,0,3,0,0,0,0,0,0.13318181818181818,0.3622727272727273,0,116
1506,1,0,0,1,0,27,4.239852398523985,49,59,17,4,0,310,0,0.0,0,1,2,0,1,0,1,0.27099999999999996,0.47766666666666674,0,4
266,1,0,0,1,0,7,4.0,8,13,2,6,0,62,0,0.0,0,2,0,0,1,1,1,0.5,0.5,0,1452
1332,1,0,0,1,2,16,5.046948356807512,35,52,16,17,0,235,0,0.0,0,5,0,0,0,0,1,0.1628205128205128,0.4474358974358974,0,2
617,1,0,0,1,0,13,3.7043478260869565,17,27,4,11,0,148,0,0.0,1,5,0,0,1,1,1,0.328042328042328,0.3891534391534391,0,78
1332,1,0,0,1,2,16,5.046948356807512,35,52,16,17,0,235,0,0.0,0,5,0,0,0,0,1,0.1628205128205128,0.4474358974358974,0,0
1008,4,0,0,1,0,7,5.308724832214765,20,52,19,9,0,170,0,0.0,0,2,0,0,1,0,1,0.2145530303030303,0.5754217171717172,0,2
255,1,0,0,1,0,6,4.512195121951219,6,15,2,5,0,55,0,0.0,0,3,0,0,1,0,1,0.5,0.75,0,127
221,0,0,0,0,0,5,4.555555555555555,3,10,4,2,0,46,0,0.0,0,1,0,0,1,0,1,-0.018333333333333347,0.4683333333333334,0,122
740,0,0,2,0,0,7,4.972727272727273,18,38,6,13,0,136,0,0.0,0,2,0,0,0,1,1,0.16354166666666667,0.6777777777777777,0,254
735,2,0,1,3,0,8,4.451612903225806,12,37,13,10,0,145,0,0.0,0,2,0,0,0,1,1,0.3181818181818182,0.4068181818181818,0,85
365,1,0,1,0,0,4,4.875,5,19,7,5,0,66,0,0.0,0,3,0,0,0,0,1,0.3071428571428571,0.5904761904761905,0,0
984,1,0,0,0,0,3,4.686746987951807,28,53,9,11,0,179,0,0.0,0,1,0,0,0,0,1,0.12537037037037035,0.3982407407407407,0,1
777,0,0,0,3,0,7,5.6909090909090905,11,34,15,5,0,126,0,0.0,0,2,0,0,0,0,1,0.17392857142857146,0.5427380952380952,0,2
1468,1,0,0,6,0,20,4.763265306122449,39,47,20,2,0,272,0,0.0,0,2,0,0,1,0,0,0.08738977072310405,0.6086272780717226,0,0
137,0,0,1,0,0,4,4.083333333333333,5,9,7,2,0,32,0,0.0,0,0,0,0,0,0,1,-0.08333333333333333,0.6166666666666667,0,0
273,1,0,1,2,0,8,4.319148936170213,11,9,4,3,0,59,0,0.0,0,1,0,0,1,0,1,0.1337121212121212,0.41452020202020207,0,74
426,3,0,0,1,0,7,3.269662921348315,12,22,4,7,0,111,0,0.0,0,4,0,0,1,0,1,0.2,0.42857142857142855,0,62
831,1,0,0,0,0,7,4.716312056737588,21,32,12,19,0,152,0,0.0,0,0,0,0,1,0,1,0.19393939393939397,0.6666666666666667,0,160
614,1,0,0,0,0,7,4.715686274509804,12,29,13,2,0,115,0,0.0,0,8,0,0,0,0,1,0.34848484848484845,0.5506493506493506,0,5
654,1,0,0,1,1,10,4.63963963963964,15,31,8,4,0,125,0,0.0,0,5,0,0,0,1,1,-0.006249999999999996,0.63125,0,5714
995,2,0,0,0,0,21,4.408695652173913,18,23,6,65,0,199,0,0.0,0,7,0,0,1,0,1,0.3678571428571429,0.4785714285714286,0,34
1968,1,0,0,0,0,20,5.311258278145695,45,100,18,8,0,327,0,0.0,0,0,1,0,1,0,1,0.28745454545454546,0.45299999999999996,0,3
417,0,0,0,0,0,8,4.144736842105263,14,12,6,2,0,89,0,0.0,1,1,0,0,0,0,1,0.31500000000000006,0.6849999999999998,0,19
742,0,0,0,2,0,18,4.4765625,18,38,9,3,0,149,0,0.0,0,14,0,0,0,0,0,0.2714285714285714,0.3571428571428572,0,11
734,4,0,5,0,0,15,4.512820512820513,18,30,11,18,0,152,0,0.0,1,3,0,0,1,1,1,0.38598958333333333,0.4141666666666667,0,105
481,1,0,0,0,0,6,3.806451612903226,16,13,1,7,0,107,0,0.0,1,2,0,0,0,1,1,0.04999999999999999,0.15000000000000002,0,18
706,1,0,1,2,0,14,5.009090909090909,17,27,13,3,0,130,0,0.0,0,0,0,0,1,0,1,0.2131318681318681,0.46736263736263733,0,3
680,4,0,0,1,0,13,4.301724137931035,15,29,11,6,0,144,0,0.0,0,3,0,0,1,0,1,0.04814814814814815,0.5011396011396011,0,0
549,3,0,1,0,1,13,3.933333333333333,17,31,3,14,0,129,0,0.0,0,2,0,0,1,1,1,0.06666666666666668,0.6370370370370371,0,60
791,1,0,0,2,0,20,4.755905511811024,18,41,8,7,0,154,0,0.0,0,2,0,0,0,0,1,0.12888888888888891,0.29777777777777775,0,0
375,0,0,0,0,0,3,3.6,9,13,8,3,0,84,0,0.0,0,5,0,0,0,0,1,-0.014880952380952377,0.4035714285714286,0,20
204,3,0,2,0,0,4,4.235294117647059,4,5,6,2,0,47,0,0.0,0,0,0,0,1,0,1,0.42012987012987013,0.487012987012987,0,456
1708,1,0,0,1,0,15,4.8483754512635375,44,69,15,17,0,309,0,0.0,0,18,0,0,1,0,1,0.01181818181818182,0.4139772727272728,0,1
254,2,0,0,0,0,4,4.216216216216216,6,9,4,8,0,61,0,0.0,0,2,0,0,1,0,1,0.5333333333333333,0.8541666666666666,0,849
422,1,0,0,1,0,6,4.10126582278481,16,16,8,3,0,89,0,0.0,0,0,0,0,1,0,0,0.36500000000000005,0.49722222222222223,0,5
393,0,0,0,0,0,4,4.71875,12,17,6,3,0,73,0,0.0,0,1,0,0,1,0,1,0.2619047619047619,0.4523809523809523,0,41
828,1,0,0,6,0,18,4.429577464788732,32,31,8,5,0,169,0,0.0,0,1,0,0,1,0,0,0.08273809523809524,0.31751700680272105,0,6
704,1,0,8,0,0,15,3.888888888888889,14,32,10,11,0,156,0,0.0,0,3,0,0,0,0,1,0.06333451704545452,0.4536931818181818,0,19
1131,1,0,0,2,0,6,4.75531914893617,30,54,16,6,0,205,1,0.004878048780487805,2,2,0,0,1,0,1,0.033609625668449196,0.4593430099312452,0,81
219,0,0,0,0,0,4,4.2105263157894735,7,6,3,4,0,45,0,0.0,0,0,1,0,1,0,1,0.5285714285714286,0.5952380952380952,0,984
755,1,0,1,0,0,8,5.11864406779661,10,26,8,19,0,131,0,0.0,1,3,0,0,0,0,1,0.10158730158730159,0.319047619047619,0,0
482,2,0,0,1,0,4,4.602564102564102,10,26,10,7,0,96,0,0.0,0,0,0,0,1,0,1,0.19166666666666665,0.5587121212121212,0,2
315,0,0,0,0,0,7,4.604166666666667,5,12,3,10,0,69,0,0.0,0,1,0,0,1,0,1,0.06060606060606061,0.47000000000000003,0,4
402,1,0,1,1,0,8,4.686567164179104,10,13,5,1,0,78,0,0.0,1,4,0,0,1,0,0,0.2992063492063492,0.651984126984127,0,25
939,1,0,0,1,0,12,4.490909090909091,24,44,11,3,0,179,0,0.0,0,11,0,0,0,0,0,0.26883116883116887,0.39431818181818185,0,89
1480,0,0,0,1,0,28,4.472222222222222,46,57,28,6,0,299,0,0.0,0,4,0,0,1,0,1,0.1357638888888889,0.501736111111111,0,8
742,1,0,0,1,0,16,4.114503816793893,25,38,7,11,0,163,0,0.0,0,6,0,0,1,0,1,0.11818181818181818,0.4090909090909091,0,31
1483,0,0,6,3,0,19,5.059574468085106,35,66,21,3,0,262,1,0.003816793893129771,0,4,0,0,0,0,1,0.07251683501683502,0.49560994560994565,0,23
734,1,0,0,0,0,10,4.27906976744186,28,22,6,12,0,152,0,0.0,0,2,0,0,0,0,1,0.11666666666666665,0.33166666666666667,0,832
977,2,0,0,0,0,8,4.796875,12,46,10,32,0,187,0,0.0,0,1,0,0,1,0,1,0.13571428571428573,0.5852678571428571,0,0
890,0,0,1,0,0,9,5.067669172932331,28,38,8,10,0,168,0,0.0,0,5,0,0,0,0,1,-0.03920454545454545,0.5380681818181818,0,24
458,1,0,1,1,0,14,4.2875,16,18,7,3,0,98,0,0.0,0,2,0,0,0,0,1,0.12142857142857143,0.23809523809523808,0,0
186,1,0,0,0,0,3,4.892857142857143,2,6,0,7,0,36,0,0.0,0,0,0,0,0,0,1,0.2,0.2,0,2088
301,1,0,0,0,0,7,4.39622641509434,6,10,5,3,0,60,0,0.0,0,1,0,0,1,0,0,-0.02857142857142858,0.3946428571428571,0,0
594,1,0,1,0,0,18,4.085714285714285,16,25,3,8,0,132,0,0.0,0,3,0,0,1,0,1,-0.058333333333333334,0.5016666666666667,0,148
702,2,0,0,0,0,8,4.35,22,31,4,9,0,139,0,0.0,0,1,0,0,1,0,1,0.05324675324675325,0.4316017316017316,0,293
543,1,0,0,0,1,13,4.273684210526316,10,25,9,4,0,114,0,0.0,0,2,0,0,1,0,1,0.047172619047619054,0.5013392857142857,0,0
262,1,0,0,0,0,9,4.288888888888889,6,11,5,2,0,57,0,0.0,0,4,0,0,1,1,1,0.2722222222222222,0.48888888888888893,0,682
641,1,0,2,1,0,10,4.693069306930693,20,26,7,11,0,124,0,0.0,0,0,0,0,1,0,1,-0.071875,0.1625,0,256
104,1,0,0,1,0,3,4.823529411764706,4,4,1,0,0,20,0,0.0,0,0,0,0,0,0,0,0.43333333333333335,0.7333333333333334,0,12
465,4,0,3,0,0,8,4.338235294117647,10,23,3,13,0,100,0,0.0,0,0,0,0,1,0,1,-0.1875,0.7111111111111111,0,57
1024,0,0,0,1,0,20,3.16017316017316,28,42,8,6,0,258,0,0.0,0,8,0,0,0,0,1,-0.007575757575757576,0.4803030303030303,0,11
278,1,0,0,1,0,6,3.543859649122807,4,21,3,3,0,67,0,0.0,0,2,0,0,0,0,1,0.016666666666666666,0.06666666666666667,0,11
1027,0,0,0,0,0,7,4.709302325581396,28,38,17,1,0,191,0,0.0,0,1,0,0,0,0,1,0.14654195011337864,0.4822562358276644,0,317
310,3,0,0,1,0,5,4.638297872340425,3,20,6,2,0,69,0,0.0,0,1,0,0,0,0,1,0.17142857142857143,0.48928571428571427,0,3
242,0,0,1,0,0,5,5.1891891891891895,6,7,7,3,0,43,0,0.0,0,1,0,0,0,0,1,0.5805555555555556,0.7555555555555555,0,85
513,1,0,1,1,0,4,5.0519480519480515,9,28,4,8,0,95,0,0.0,1,1,0,0,1,1,1,0.325,0.7166666666666667,0,0
473,0,0,0,0,0,5,4.792207792207792,17,16,4,2,0,86,0,0.0,0,7,0,0,1,0,1,0.25,0.4375,0,9
360,1,0,0,0,0,9,4.2407407407407405,7,13,4,8,0,88,0,0.0,0,1,1,0,1,0,1,1.3877787807814457e-17,0.4125,0,1599
291,2,0,0,1,0,8,3.685185185185185,8,15,0,2,0,72,0,0.0,0,1,0,0,0,0,0,0.5,0.5,0,4820
240,1,0,0,1,0,6,4.333333333333333,3,14,5,1,0,48,0,0.0,0,1,0,0,0,0,1,0.08,0.38,0,2
698,1,0,0,0,0,12,4.672566371681416,17,36,16,7,0,136,0,0.0,0,0,0,0,1,0,1,0.46333333333333326,0.4477777777777778,0,42
140,0,0,0,0,0,2,3.09375,4,3,2,3,0,37,0,0.0,0,1,0,0,0,0,1,0.056249999999999994,0.3,0,0
369,2,0,0,0,0,3,4.3,6,17,3,6,0,74,0,0.0,0,0,0,0,1,0,1,0.15378787878787878,0.47333333333333333,0,237
393,1,0,0,0,0,10,4.484375,7,20,8,4,0,85,0,0.0,0,0,0,0,1,0,1,0.12,0.39333333333333337,0,71
890,0,0,0,2,0,19,4.067073170731708,21,48,10,4,0,191,0,0.0,0,15,0,0,1,1,1,0.2833333333333333,0.3666666666666667,0,1130
760,1,0,1,0,0,5,4.117241379310345,22,33,8,3,0,154,0,0.0,0,3,0,0,1,0,1,-0.030291005291005296,0.5037037037037037,0,30
826,0,0,0,2,1,8,4.811594202898551,21,39,12,7,0,149,0,0.0,0,8,0,0,1,0,1,0.2400974025974026,0.46937229437229433,0,12
617,2,0,1,2,0,10,4.39622641509434,24,27,4,4,0,127,0,0.0,0,4,0,0,1,0,1,0.0325,0.65,0,12
1232,0,0,3,4,0,15,4.196428571428571,33,62,11,16,0,247,0,0.0,1,1,0,0,0,0,1,-0.002272727272727272,0.22424242424242424,0,0
550,1,0,0,1,0,18,4.160493827160494,21,19,4,24,0,134,0,0.0,0,1,0,0,1,0,1,0.004761904761904765,0.29404761904761906,0,186
417,0,0,0,0,0,3,5.3076923076923075,10,14,7,3,0,69,0,0.0,0,1,0,0,1,0,0,0.18979591836734694,0.39183673469387753,0,0
687,1,0,0,1,0,10,4.367521367521367,16,28,17,6,0,139,0,0.0,0,2,0,0,1,0,1,0.0717850776674306,0.58414820473644,0,24
271,2,0,0,0,0,4,4.086956521739131,7,13,4,5,0,65,0,0.0,0,1,0,0,1,0,1,0.55,0.6,0,17
1064,0,0,0,0,0,13,4.723756906077348,28,42,16,0,0,195,0,0.0,0,4,0,0,0,0,0,0.1416666666666667,0.5861111111111111,0,6
781,2,0,2,0,0,6,4.257142857142857,24,29,11,5,0,157,0,0.0,0,2,0,0,1,0,1,0.1363873106060606,0.4581597222222222,0,0
460,0,0,0,0,0,6,5.806451612903226,10,16,10,11,0,77,0,0.0,0,2,0,0,0,0,1,0.34285714285714286,0.47500000000000003,0,782
554,1,0,1,1,0,10,4.7023809523809526,6,28,5,10,0,109,0,0.0,0,4,0,0,0,0,1,0.06000000000000001,0.28,0,18
723,2,0,0,0,0,9,4.570247933884297,11,27,3,22,0,141,0,0.0,0,2,0,0,0,1,1,-0.215,0.6966666666666667,0,0
995,1,0,2,3,0,21,4.123595505617978,27,26,14,1,0,210,0,0.0,0,6,0,0,0,0,1,0.20093984962406017,0.5899749373433585,0,0
743,4,0,0,0,0,12,4.786324786324786,16,35,12,7,0,139,0,0.0,0,2,0,0,1,0,1,0.16636363636363635,0.7006060606060607,0,0
1448,2,0,1,1,0,24,4.697478991596639,37,64,29,8,0,279,0,0.0,0,6,1,0,1,0,1,0.14531609195402298,0.4677586206896552,0,67
854,1,0,0,0,0,8,4.181208053691275,34,28,11,16,0,180,0,0.0,0,3,0,0,1,0,1,0.19583333333333333,0.45500000000000007,0,55
401,1,0,0,0,0,7,4.394366197183099,11,15,6,5,0,80,0,0.0,0,2,0,0,0,0,1,0.36335807050092767,0.675139146567718,0,48
473,1,0,0,0,0,1,6.706896551724138,11,17,12,5,0,66,1,0.015151515151515152,0,0,0,0,0,0,1,0.29047619047619044,0.2952380952380952,0,53
645,3,0,0,1,0,5,3.9724770642201834,20,29,6,15,0,142,0,0.0,0,2,0,0,1,0,1,0.08418367346938775,0.25255102040816324,0,14
352,1,0,1,0,0,11,3.257575757575758,12,14,3,5,0,94,0,0.0,0,4,0,0,0,1,1,0.36190476190476195,0.5119047619047619,0,66
428,1,0,0,1,0,7,4.507246376811594,14,23,5,6,0,90,0,0.0,0,2,0,0,1,0,1,-0.0029761904761904843,0.6410714285714285,0,2222
352,0,0,0,0,0,9,4.283333333333333,12,10,3,4,0,77,0,0.0,0,1,0,0,0,0,1,-0.10416666666666667,0.4666666666666666,0,126
642,2,0,0,0,0,3,4.788888888888889,19,40,7,20,0,128,0,0.0,0,0,0,0,1,0,1,0.09375,0.3196428571428572,0,331
418,4,0,0,0,0,8,3.5675675675675675,6,21,4,9,0,107,0,0.0,0,2,0,0,0,1,1,0.095,0.32,0,3
408,3,0,3,0,0,7,4.109375,10,13,4,11,0,88,0,0.0,0,1,0,0,1,0,1,-0.045,0.7133333333333333,0,100
1152,1,0,0,0,0,10,3.9767441860465116,37,52,14,9,0,238,0,0.0,0,10,0,0,1,0,1,0.23359375,0.46057291666666667,0,264
484,1,0,0,1,0,10,4.717948717948718,16,18,6,6,0,95,0,0.0,0,2,0,0,1,0,1,0.20462962962962963,0.5703703703703704,0,0
1054,1,0,3,1,1,10,4.153061224489796,25,45,10,12,0,215,0,0.0,0,10,0,0,1,0,1,0.07002314814814815,0.43032407407407414,0,3
865,2,0,0,2,0,15,4.103225806451613,20,36,15,4,0,187,0,0.0,0,4,0,0,1,0,1,0.08333333333333337,0.5395833333333334,0,6
319,0,0,0,0,0,7,4.735849056603773,7,13,4,4,0,61,0,0.0,0,0,0,0,0,0,1,0.14375,0.49375,0,7
